FF.FF.FF.FF..F..F.FF..........FF.FF.FF..F.FF.......FF.FF.FF..F.FF......./private/tmp/cowork_bench-inspect/tasks/finalpool/fetch-kulinar-catering-excel-gcal-email/evaluation/main.py:109: ResourceWarning: unclosed file <_io.TextIOWrapper name='/private/tmp/cowork_bench-inspect/local_servers/kulinar-mcp/src/data/all_recipes.json' mode='r' encoding='utf-8'>
  recs = json.load(open(path, encoding="utf-8"))
ResourceWarning: Enable tracemalloc to get the object allocation traceback
F/private/tmp/cowork_bench-inspect/tasks/finalpool/fetch-kulinar-catering-excel-gcal-email/evaluation/main.py:109: ResourceWarning: unclosed file <_io.TextIOWrapper name='/private/tmp/cowork_bench-inspect/local_servers/kulinar-mcp/src/data/all_recipes.json' mode='r' encoding='utf-8'>
  recs = json.load(open(path, encoding="utf-8"))
ResourceWarning: Enable tracemalloc to get the object allocation traceback
F/private/tmp/cowork_bench-inspect/tasks/finalpool/fetch-kulinar-catering-excel-gcal-email/evaluation/main.py:109: ResourceWarning: unclosed file <_io.TextIOWrapper name='/private/tmp/cowork_bench-inspect/local_servers/kulinar-mcp/src/data/all_recipes.json' mode='r' encoding='utf-8'>
  recs = json.load(open(path, encoding="utf-8"))
ResourceWarning: Enable tracemalloc to get the object allocation traceback
./private/tmp/cowork_bench-inspect/tasks/finalpool/fetch-kulinar-catering-excel-gcal-email/evaluation/main.py:109: ResourceWarning: unclosed file <_io.TextIOWrapper name='/private/tmp/cowork_bench-inspect/local_servers/kulinar-mcp/src/data/all_recipes.json' mode='r' encoding='utf-8'>
  recs = json.load(open(path, encoding="utf-8"))
ResourceWarning: Enable tracemalloc to get the object allocation traceback
F/private/tmp/cowork_bench-inspect/tasks/finalpool/fetch-kulinar-catering-excel-gcal-email/evaluation/main.py:109: ResourceWarning: unclosed file <_io.TextIOWrapper name='/private/tmp/cowork_bench-inspect/local_servers/kulinar-mcp/src/data/all_recipes.json' mode='r' encoding='utf-8'>
  recs = json.load(open(path, encoding="utf-8"))
ResourceWarning: Enable tracemalloc to get the object allocation traceback
F/private/tmp/cowork_bench-inspect/tasks/finalpool/fetch-kulinar-catering-excel-gcal-email/evaluation/main.py:109: ResourceWarning: unclosed file <_io.TextIOWrapper name='/private/tmp/cowork_bench-inspect/local_servers/kulinar-mcp/src/data/all_recipes.json' mode='r' encoding='utf-8'>
  recs = json.load(open(path, encoding="utf-8"))
ResourceWarning: Enable tracemalloc to get the object allocation traceback
./private/tmp/cowork_bench-inspect/tasks/finalpool/fetch-kulinar-catering-excel-gcal-email/evaluation/main.py:109: ResourceWarning: unclosed file <_io.TextIOWrapper name='/private/tmp/cowork_bench-inspect/local_servers/kulinar-mcp/src/data/all_recipes.json' mode='r' encoding='utf-8'>
  recs = json.load(open(path, encoding="utf-8"))
ResourceWarning: Enable tracemalloc to get the object allocation traceback
F/private/tmp/cowork_bench-inspect/tasks/finalpool/fetch-kulinar-catering-excel-gcal-email/evaluation/main.py:109: ResourceWarning: unclosed file <_io.TextIOWrapper name='/private/tmp/cowork_bench-inspect/local_servers/kulinar-mcp/src/data/all_recipes.json' mode='r' encoding='utf-8'>
  recs = json.load(open(path, encoding="utf-8"))
ResourceWarning: Enable tracemalloc to get the object allocation traceback
F/private/tmp/cowork_bench-inspect/tasks/finalpool/fetch-kulinar-catering-excel-gcal-email/evaluation/main.py:109: ResourceWarning: unclosed file <_io.TextIOWrapper name='/private/tmp/cowork_bench-inspect/local_servers/kulinar-mcp/src/data/all_recipes.json' mode='r' encoding='utf-8'>
  recs = json.load(open(path, encoding="utf-8"))
ResourceWarning: Enable tracemalloc to get the object allocation traceback
./private/tmp/cowork_bench-inspect/tasks/finalpool/fetch-kulinar-catering-excel-gcal-email/evaluation/main.py:109: ResourceWarning: unclosed file <_io.TextIOWrapper name='/private/tmp/cowork_bench-inspect/local_servers/kulinar-mcp/src/data/all_recipes.json' mode='r' encoding='utf-8'>
  recs = json.load(open(path, encoding="utf-8"))
ResourceWarning: Enable tracemalloc to get the object allocation traceback
./private/tmp/cowork_bench-inspect/tasks/finalpool/fetch-kulinar-catering-excel-gcal-email/evaluation/main.py:109: ResourceWarning: unclosed file <_io.TextIOWrapper name='/private/tmp/cowork_bench-inspect/local_servers/kulinar-mcp/src/data/all_recipes.json' mode='r' encoding='utf-8'>
  recs = json.load(open(path, encoding="utf-8"))
ResourceWarning: Enable tracemalloc to get the object allocation traceback
F/private/tmp/cowork_bench-inspect/tasks/finalpool/fetch-kulinar-catering-excel-gcal-email/evaluation/main.py:109: ResourceWarning: unclosed file <_io.TextIOWrapper name='/private/tmp/cowork_bench-inspect/local_servers/kulinar-mcp/src/data/all_recipes.json' mode='r' encoding='utf-8'>
  recs = json.load(open(path, encoding="utf-8"))
ResourceWarning: Enable tracemalloc to get the object allocation traceback
./private/tmp/cowork_bench-inspect/tasks/finalpool/fetch-kulinar-catering-excel-gcal-email/evaluation/main.py:109: ResourceWarning: unclosed file <_io.TextIOWrapper name='/private/tmp/cowork_bench-inspect/local_servers/kulinar-mcp/src/data/all_recipes.json' mode='r' encoding='utf-8'>
  recs = json.load(open(path, encoding="utf-8"))
ResourceWarning: Enable tracemalloc to get the object allocation traceback
F/private/tmp/cowork_bench-inspect/tasks/finalpool/fetch-kulinar-catering-excel-gcal-email/evaluation/main.py:109: ResourceWarning: unclosed file <_io.TextIOWrapper name='/private/tmp/cowork_bench-inspect/local_servers/kulinar-mcp/src/data/all_recipes.json' mode='r' encoding='utf-8'>
  recs = json.load(open(path, encoding="utf-8"))
ResourceWarning: Enable tracemalloc to get the object allocation traceback
F/private/tmp/cowork_bench-inspect/tasks/finalpool/fetch-kulinar-catering-excel-gcal-email/evaluation/main.py:109: ResourceWarning: unclosed file <_io.TextIOWrapper name='/private/tmp/cowork_bench-inspect/local_servers/kulinar-mcp/src/data/all_recipes.json' mode='r' encoding='utf-8'>
  recs = json.load(open(path, encoding="utf-8"))
ResourceWarning: Enable tracemalloc to get the object allocation traceback
./private/tmp/cowork_bench-inspect/tasks/finalpool/fetch-kulinar-catering-excel-gcal-email/evaluation/main.py:109: ResourceWarning: unclosed file <_io.TextIOWrapper name='/private/tmp/cowork_bench-inspect/local_servers/kulinar-mcp/src/data/all_recipes.json' mode='r' encoding='utf-8'>
  recs = json.load(open(path, encoding="utf-8"))
ResourceWarning: Enable tracemalloc to get the object allocation traceback
./private/tmp/cowork_bench-inspect/tasks/finalpool/fetch-kulinar-catering-excel-gcal-email/evaluation/main.py:109: ResourceWarning: unclosed file <_io.TextIOWrapper name='/private/tmp/cowork_bench-inspect/local_servers/kulinar-mcp/src/data/all_recipes.json' mode='r' encoding='utf-8'>
  recs = json.load(open(path, encoding="utf-8"))
ResourceWarning: Enable tracemalloc to get the object allocation traceback
./private/tmp/cowork_bench-inspect/tasks/finalpool/fetch-kulinar-catering-excel-gcal-email/evaluation/main.py:109: ResourceWarning: unclosed file <_io.TextIOWrapper name='/private/tmp/cowork_bench-inspect/local_servers/kulinar-mcp/src/data/all_recipes.json' mode='r' encoding='utf-8'>
  recs = json.load(open(path, encoding="utf-8"))
ResourceWarning: Enable tracemalloc to get the object allocation traceback
./private/tmp/cowork_bench-inspect/tasks/finalpool/fetch-kulinar-catering-excel-gcal-email/evaluation/main.py:109: ResourceWarning: unclosed file <_io.TextIOWrapper name='/private/tmp/cowork_bench-inspect/local_servers/kulinar-mcp/src/data/all_recipes.json' mode='r' encoding='utf-8'>
  recs = json.load(open(path, encoding="utf-8"))
ResourceWarning: Enable tracemalloc to get the object allocation traceback
./private/tmp/cowork_bench-inspect/tasks/finalpool/fetch-kulinar-catering-excel-gcal-email/evaluation/main.py:109: ResourceWarning: unclosed file <_io.TextIOWrapper name='/private/tmp/cowork_bench-inspect/local_servers/kulinar-mcp/src/data/all_recipes.json' mode='r' encoding='utf-8'>
  recs = json.load(open(path, encoding="utf-8"))
ResourceWarning: Enable tracemalloc to get the object allocation traceback
./private/tmp/cowork_bench-inspect/tasks/finalpool/fetch-kulinar-catering-excel-gcal-email/evaluation/main.py:109: ResourceWarning: unclosed file <_io.TextIOWrapper name='/private/tmp/cowork_bench-inspect/local_servers/kulinar-mcp/src/data/all_recipes.json' mode='r' encoding='utf-8'>
  recs = json.load(open(path, encoding="utf-8"))
ResourceWarning: Enable tracemalloc to get the object allocation traceback
.FF.FF.FF..F.FF.......FF.FF.FF..F.FF.......FF.FF.FF..F.FF.......FF.FF.FF.FF.FF..F.FF.......F..FF.FF.FF..F.FF.......FF.FF.FF.FF..F.FF........F.FF.FF.FF..F.FF.........F...F...F.......F.........FF.FF.FF..F.FF.......FF.FF.FF..F.FF.......FF.FF.FF..F.FF.......FF.FF.FF..F.FF.......FF.FF.FF.FF..F.FF.FF.FF..F.FF....F..FF.FF.FF.F......F.FF.......FF.FF.FF.FF.....F.FF..........F..F..F..F.....F......F.F.........F.
======================================================================
FAIL: test_canvas_late_submission_word_gcal__equivalent_east__America_New_York (test_calendar_real_graders.RealCalendarGraders.test_canvas_late_submission_word_gcal__equivalent_east__America_New_York)
----------------------------------------------------------------------
Traceback (most recent call last):
  File "/private/tmp/cowork-upstream-timezone/tests/regression/test_calendar_real_graders.py", line 180, in test
    self.run_variant(case, variant, session_zone)
  File "/private/tmp/cowork-upstream-timezone/tests/regression/test_calendar_real_graders.py", line 150, in run_variant
    self.assertEqual(all(selected.values()), expected, selected)
AssertionError: False != True : {"At least 3 'Late Submission Review' events scheduled": True, "At least 3 'Late Submission Review' events on 2026-04-01 at 10:00/11:00/14:00 (1h each)": False, 'Events scheduled on 2026-04-01': True}

======================================================================
FAIL: test_canvas_late_submission_word_gcal__equivalent_east__Europe_Moscow (test_calendar_real_graders.RealCalendarGraders.test_canvas_late_submission_word_gcal__equivalent_east__Europe_Moscow)
----------------------------------------------------------------------
Traceback (most recent call last):
  File "/private/tmp/cowork-upstream-timezone/tests/regression/test_calendar_real_graders.py", line 180, in test
    self.run_variant(case, variant, session_zone)
  File "/private/tmp/cowork-upstream-timezone/tests/regression/test_calendar_real_graders.py", line 150, in run_variant
    self.assertEqual(all(selected.values()), expected, selected)
AssertionError: False != True : {"At least 3 'Late Submission Review' events scheduled": True, "At least 3 'Late Submission Review' events on 2026-04-01 at 10:00/11:00/14:00 (1h each)": False, 'Events scheduled on 2026-04-01': True}

======================================================================
FAIL: test_canvas_late_submission_word_gcal__equivalent_moscow__America_New_York (test_calendar_real_graders.RealCalendarGraders.test_canvas_late_submission_word_gcal__equivalent_moscow__America_New_York)
----------------------------------------------------------------------
Traceback (most recent call last):
  File "/private/tmp/cowork-upstream-timezone/tests/regression/test_calendar_real_graders.py", line 180, in test
    self.run_variant(case, variant, session_zone)
  File "/private/tmp/cowork-upstream-timezone/tests/regression/test_calendar_real_graders.py", line 150, in run_variant
    self.assertEqual(all(selected.values()), expected, selected)
AssertionError: False != True : {"At least 3 'Late Submission Review' events scheduled": True, "At least 3 'Late Submission Review' events on 2026-04-01 at 10:00/11:00/14:00 (1h each)": False, 'Events scheduled on 2026-04-01': True}

======================================================================
FAIL: test_canvas_late_submission_word_gcal__equivalent_moscow__Europe_Moscow (test_calendar_real_graders.RealCalendarGraders.test_canvas_late_submission_word_gcal__equivalent_moscow__Europe_Moscow)
----------------------------------------------------------------------
Traceback (most recent call last):
  File "/private/tmp/cowork-upstream-timezone/tests/regression/test_calendar_real_graders.py", line 180, in test
    self.run_variant(case, variant, session_zone)
  File "/private/tmp/cowork-upstream-timezone/tests/regression/test_calendar_real_graders.py", line 150, in run_variant
    self.assertEqual(all(selected.values()), expected, selected)
AssertionError: False != True : {"At least 3 'Late Submission Review' events scheduled": True, "At least 3 'Late Submission Review' events on 2026-04-01 at 10:00/11:00/14:00 (1h each)": False, 'Events scheduled on 2026-04-01': True}

======================================================================
FAIL: test_canvas_late_submission_word_gcal__equivalent_west__America_New_York (test_calendar_real_graders.RealCalendarGraders.test_canvas_late_submission_word_gcal__equivalent_west__America_New_York)
----------------------------------------------------------------------
Traceback (most recent call last):
  File "/private/tmp/cowork-upstream-timezone/tests/regression/test_calendar_real_graders.py", line 180, in test
    self.run_variant(case, variant, session_zone)
  File "/private/tmp/cowork-upstream-timezone/tests/regression/test_calendar_real_graders.py", line 150, in run_variant
    self.assertEqual(all(selected.values()), expected, selected)
AssertionError: False != True : {"At least 3 'Late Submission Review' events scheduled": True, "At least 3 'Late Submission Review' events on 2026-04-01 at 10:00/11:00/14:00 (1h each)": False, 'Events scheduled on 2026-04-01': True}

======================================================================
FAIL: test_canvas_late_submission_word_gcal__equivalent_west__Europe_Moscow (test_calendar_real_graders.RealCalendarGraders.test_canvas_late_submission_word_gcal__equivalent_west__Europe_Moscow)
----------------------------------------------------------------------
Traceback (most recent call last):
  File "/private/tmp/cowork-upstream-timezone/tests/regression/test_calendar_real_graders.py", line 180, in test
    self.run_variant(case, variant, session_zone)
  File "/private/tmp/cowork-upstream-timezone/tests/regression/test_calendar_real_graders.py", line 150, in run_variant
    self.assertEqual(all(selected.values()), expected, selected)
AssertionError: False != True : {"At least 3 'Late Submission Review' events scheduled": True, "At least 3 'Late Submission Review' events on 2026-04-01 at 10:00/11:00/14:00 (1h each)": False, 'Events scheduled on 2026-04-01': True}

======================================================================
FAIL: test_canvas_late_submission_word_gcal__native_equivalent__America_New_York (test_calendar_real_graders.RealCalendarGraders.test_canvas_late_submission_word_gcal__native_equivalent__America_New_York)
----------------------------------------------------------------------
Traceback (most recent call last):
  File "/private/tmp/cowork-upstream-timezone/tests/regression/test_calendar_real_graders.py", line 180, in test
    self.run_variant(case, variant, session_zone)
  File "/private/tmp/cowork-upstream-timezone/tests/regression/test_calendar_real_graders.py", line 150, in run_variant
    self.assertEqual(all(selected.values()), expected, selected)
AssertionError: False != True : {"At least 3 'Late Submission Review' events on 2026-04-01 at 10:00/11:00/14:00 (1h each)": False}

======================================================================
FAIL: test_canvas_late_submission_word_gcal__native_equivalent__Europe_Moscow (test_calendar_real_graders.RealCalendarGraders.test_canvas_late_submission_word_gcal__native_equivalent__Europe_Moscow)
----------------------------------------------------------------------
Traceback (most recent call last):
  File "/private/tmp/cowork-upstream-timezone/tests/regression/test_calendar_real_graders.py", line 180, in test
    self.run_variant(case, variant, session_zone)
  File "/private/tmp/cowork-upstream-timezone/tests/regression/test_calendar_real_graders.py", line 150, in run_variant
    self.assertEqual(all(selected.values()), expected, selected)
AssertionError: False != True : {"At least 3 'Late Submission Review' events on 2026-04-01 at 10:00/11:00/14:00 (1h each)": False}

======================================================================
FAIL: test_canvas_late_submission_word_gcal__native_shifted__Europe_Moscow (test_calendar_real_graders.RealCalendarGraders.test_canvas_late_submission_word_gcal__native_shifted__Europe_Moscow)
----------------------------------------------------------------------
Traceback (most recent call last):
  File "/private/tmp/cowork-upstream-timezone/tests/regression/test_calendar_real_graders.py", line 180, in test
    self.run_variant(case, variant, session_zone)
  File "/private/tmp/cowork-upstream-timezone/tests/regression/test_calendar_real_graders.py", line 150, in run_variant
    self.assertEqual(all(selected.values()), expected, selected)
AssertionError: True != False : {"At least 3 'Late Submission Review' events on 2026-04-01 at 10:00/11:00/14:00 (1h each)": True}

======================================================================
FAIL: test_canvas_late_submission_word_gcal__same_clock_moscow__Europe_Moscow (test_calendar_real_graders.RealCalendarGraders.test_canvas_late_submission_word_gcal__same_clock_moscow__Europe_Moscow)
----------------------------------------------------------------------
Traceback (most recent call last):
  File "/private/tmp/cowork-upstream-timezone/tests/regression/test_calendar_real_graders.py", line 180, in test
    self.run_variant(case, variant, session_zone)
  File "/private/tmp/cowork-upstream-timezone/tests/regression/test_calendar_real_graders.py", line 150, in run_variant
    self.assertEqual(all(selected.values()), expected, selected)
AssertionError: True != False : {"At least 3 'Late Submission Review' events scheduled": True, "At least 3 'Late Submission Review' events on 2026-04-01 at 10:00/11:00/14:00 (1h each)": True, 'Events scheduled on 2026-04-01': True}

======================================================================
FAIL: test_canvas_late_submission_word_gcal__utc__America_New_York (test_calendar_real_graders.RealCalendarGraders.test_canvas_late_submission_word_gcal__utc__America_New_York)
----------------------------------------------------------------------
Traceback (most recent call last):
  File "/private/tmp/cowork-upstream-timezone/tests/regression/test_calendar_real_graders.py", line 180, in test
    self.run_variant(case, variant, session_zone)
  File "/private/tmp/cowork-upstream-timezone/tests/regression/test_calendar_real_graders.py", line 150, in run_variant
    self.assertEqual(all(selected.values()), expected, selected)
AssertionError: False != True : {"At least 3 'Late Submission Review' events scheduled": True, "At least 3 'Late Submission Review' events on 2026-04-01 at 10:00/11:00/14:00 (1h each)": False, 'Events scheduled on 2026-04-01': True}

======================================================================
FAIL: test_canvas_late_submission_word_gcal__utc__Europe_Moscow (test_calendar_real_graders.RealCalendarGraders.test_canvas_late_submission_word_gcal__utc__Europe_Moscow)
----------------------------------------------------------------------
Traceback (most recent call last):
  File "/private/tmp/cowork-upstream-timezone/tests/regression/test_calendar_real_graders.py", line 180, in test
    self.run_variant(case, variant, session_zone)
  File "/private/tmp/cowork-upstream-timezone/tests/regression/test_calendar_real_graders.py", line 150, in run_variant
    self.assertEqual(all(selected.values()), expected, selected)
AssertionError: False != True : {"At least 3 'Late Submission Review' events scheduled": True, "At least 3 'Late Submission Review' events on 2026-04-01 at 10:00/11:00/14:00 (1h each)": False, 'Events scheduled on 2026-04-01': True}

======================================================================
FAIL: test_canvas_quiz_remediation_forms_gcal__equivalent_east__America_New_York (test_calendar_real_graders.RealCalendarGraders.test_canvas_quiz_remediation_forms_gcal__equivalent_east__America_New_York)
----------------------------------------------------------------------
Traceback (most recent call last):
  File "/private/tmp/cowork-upstream-timezone/tests/regression/test_calendar_real_graders.py", line 180, in test
    self.run_variant(case, variant, session_zone)
  File "/private/tmp/cowork-upstream-timezone/tests/regression/test_calendar_real_graders.py", line 150, in run_variant
    self.assertEqual(all(selected.values()), expected, selected)
AssertionError: False != True : {'Создано хотя бы одно событие пересдачи': True, 'Количество сессий пересдач == числу отстающих тестов (2)': True, 'Все сессии начинаются в 15:00': False, 'Все сессии длятся 1 час': True, "CRITICAL: ровно по одной часовой сессии в формате 'Remediation Session: <quiz title>' для каждого отстающего теста, начало в 15:00": False, 'CRITICAL: сессии запланированы на последовательные дни, начиная с понедельника недели после launch_time': True}

======================================================================
FAIL: test_canvas_quiz_remediation_forms_gcal__equivalent_east__Europe_Moscow (test_calendar_real_graders.RealCalendarGraders.test_canvas_quiz_remediation_forms_gcal__equivalent_east__Europe_Moscow)
----------------------------------------------------------------------
Traceback (most recent call last):
  File "/private/tmp/cowork-upstream-timezone/tests/regression/test_calendar_real_graders.py", line 180, in test
    self.run_variant(case, variant, session_zone)
  File "/private/tmp/cowork-upstream-timezone/tests/regression/test_calendar_real_graders.py", line 150, in run_variant
    self.assertEqual(all(selected.values()), expected, selected)
AssertionError: False != True : {'Создано хотя бы одно событие пересдачи': True, 'Количество сессий пересдач == числу отстающих тестов (2)': True, 'Все сессии начинаются в 15:00': False, 'Все сессии длятся 1 час': True, "CRITICAL: ровно по одной часовой сессии в формате 'Remediation Session: <quiz title>' для каждого отстающего теста, начало в 15:00": False, 'CRITICAL: сессии запланированы на последовательные дни, начиная с понедельника недели после launch_time': True}

======================================================================
FAIL: test_canvas_quiz_remediation_forms_gcal__equivalent_moscow__America_New_York (test_calendar_real_graders.RealCalendarGraders.test_canvas_quiz_remediation_forms_gcal__equivalent_moscow__America_New_York)
----------------------------------------------------------------------
Traceback (most recent call last):
  File "/private/tmp/cowork-upstream-timezone/tests/regression/test_calendar_real_graders.py", line 180, in test
    self.run_variant(case, variant, session_zone)
  File "/private/tmp/cowork-upstream-timezone/tests/regression/test_calendar_real_graders.py", line 150, in run_variant
    self.assertEqual(all(selected.values()), expected, selected)
AssertionError: False != True : {'Создано хотя бы одно событие пересдачи': True, 'Количество сессий пересдач == числу отстающих тестов (2)': True, 'Все сессии начинаются в 15:00': False, 'Все сессии длятся 1 час': True, "CRITICAL: ровно по одной часовой сессии в формате 'Remediation Session: <quiz title>' для каждого отстающего теста, начало в 15:00": False, 'CRITICAL: сессии запланированы на последовательные дни, начиная с понедельника недели после launch_time': True}

======================================================================
FAIL: test_canvas_quiz_remediation_forms_gcal__equivalent_moscow__Europe_Moscow (test_calendar_real_graders.RealCalendarGraders.test_canvas_quiz_remediation_forms_gcal__equivalent_moscow__Europe_Moscow)
----------------------------------------------------------------------
Traceback (most recent call last):
  File "/private/tmp/cowork-upstream-timezone/tests/regression/test_calendar_real_graders.py", line 180, in test
    self.run_variant(case, variant, session_zone)
  File "/private/tmp/cowork-upstream-timezone/tests/regression/test_calendar_real_graders.py", line 150, in run_variant
    self.assertEqual(all(selected.values()), expected, selected)
AssertionError: False != True : {'Создано хотя бы одно событие пересдачи': True, 'Количество сессий пересдач == числу отстающих тестов (2)': True, 'Все сессии начинаются в 15:00': False, 'Все сессии длятся 1 час': True, "CRITICAL: ровно по одной часовой сессии в формате 'Remediation Session: <quiz title>' для каждого отстающего теста, начало в 15:00": False, 'CRITICAL: сессии запланированы на последовательные дни, начиная с понедельника недели после launch_time': True}

======================================================================
FAIL: test_canvas_quiz_remediation_forms_gcal__equivalent_west__America_New_York (test_calendar_real_graders.RealCalendarGraders.test_canvas_quiz_remediation_forms_gcal__equivalent_west__America_New_York)
----------------------------------------------------------------------
Traceback (most recent call last):
  File "/private/tmp/cowork-upstream-timezone/tests/regression/test_calendar_real_graders.py", line 180, in test
    self.run_variant(case, variant, session_zone)
  File "/private/tmp/cowork-upstream-timezone/tests/regression/test_calendar_real_graders.py", line 150, in run_variant
    self.assertEqual(all(selected.values()), expected, selected)
AssertionError: False != True : {'Создано хотя бы одно событие пересдачи': True, 'Количество сессий пересдач == числу отстающих тестов (2)': True, 'Все сессии начинаются в 15:00': False, 'Все сессии длятся 1 час': True, "CRITICAL: ровно по одной часовой сессии в формате 'Remediation Session: <quiz title>' для каждого отстающего теста, начало в 15:00": False, 'CRITICAL: сессии запланированы на последовательные дни, начиная с понедельника недели после launch_time': True}

======================================================================
FAIL: test_canvas_quiz_remediation_forms_gcal__equivalent_west__Europe_Moscow (test_calendar_real_graders.RealCalendarGraders.test_canvas_quiz_remediation_forms_gcal__equivalent_west__Europe_Moscow)
----------------------------------------------------------------------
Traceback (most recent call last):
  File "/private/tmp/cowork-upstream-timezone/tests/regression/test_calendar_real_graders.py", line 180, in test
    self.run_variant(case, variant, session_zone)
  File "/private/tmp/cowork-upstream-timezone/tests/regression/test_calendar_real_graders.py", line 150, in run_variant
    self.assertEqual(all(selected.values()), expected, selected)
AssertionError: False != True : {'Создано хотя бы одно событие пересдачи': True, 'Количество сессий пересдач == числу отстающих тестов (2)': True, 'Все сессии начинаются в 15:00': False, 'Все сессии длятся 1 час': True, "CRITICAL: ровно по одной часовой сессии в формате 'Remediation Session: <quiz title>' для каждого отстающего теста, начало в 15:00": False, 'CRITICAL: сессии запланированы на последовательные дни, начиная с понедельника недели после launch_time': True}

======================================================================
FAIL: test_canvas_quiz_remediation_forms_gcal__same_clock_moscow__Europe_Moscow (test_calendar_real_graders.RealCalendarGraders.test_canvas_quiz_remediation_forms_gcal__same_clock_moscow__Europe_Moscow)
----------------------------------------------------------------------
Traceback (most recent call last):
  File "/private/tmp/cowork-upstream-timezone/tests/regression/test_calendar_real_graders.py", line 180, in test
    self.run_variant(case, variant, session_zone)
  File "/private/tmp/cowork-upstream-timezone/tests/regression/test_calendar_real_graders.py", line 150, in run_variant
    self.assertEqual(all(selected.values()), expected, selected)
AssertionError: True != False : {'Создано хотя бы одно событие пересдачи': True, 'Количество сессий пересдач == числу отстающих тестов (2)': True, 'Все сессии начинаются в 15:00': True, 'Все сессии длятся 1 час': True, "CRITICAL: ровно по одной часовой сессии в формате 'Remediation Session: <quiz title>' для каждого отстающего теста, начало в 15:00": True, 'CRITICAL: сессии запланированы на последовательные дни, начиная с понедельника недели после launch_time': True}

======================================================================
FAIL: test_canvas_quiz_remediation_forms_gcal__utc__America_New_York (test_calendar_real_graders.RealCalendarGraders.test_canvas_quiz_remediation_forms_gcal__utc__America_New_York)
----------------------------------------------------------------------
Traceback (most recent call last):
  File "/private/tmp/cowork-upstream-timezone/tests/regression/test_calendar_real_graders.py", line 180, in test
    self.run_variant(case, variant, session_zone)
  File "/private/tmp/cowork-upstream-timezone/tests/regression/test_calendar_real_graders.py", line 150, in run_variant
    self.assertEqual(all(selected.values()), expected, selected)
AssertionError: False != True : {'Создано хотя бы одно событие пересдачи': True, 'Количество сессий пересдач == числу отстающих тестов (2)': True, 'Все сессии начинаются в 15:00': False, 'Все сессии длятся 1 час': True, "CRITICAL: ровно по одной часовой сессии в формате 'Remediation Session: <quiz title>' для каждого отстающего теста, начало в 15:00": False, 'CRITICAL: сессии запланированы на последовательные дни, начиная с понедельника недели после launch_time': True}

======================================================================
FAIL: test_canvas_quiz_remediation_forms_gcal__utc__Europe_Moscow (test_calendar_real_graders.RealCalendarGraders.test_canvas_quiz_remediation_forms_gcal__utc__Europe_Moscow)
----------------------------------------------------------------------
Traceback (most recent call last):
  File "/private/tmp/cowork-upstream-timezone/tests/regression/test_calendar_real_graders.py", line 180, in test
    self.run_variant(case, variant, session_zone)
  File "/private/tmp/cowork-upstream-timezone/tests/regression/test_calendar_real_graders.py", line 150, in run_variant
    self.assertEqual(all(selected.values()), expected, selected)
AssertionError: False != True : {'Создано хотя бы одно событие пересдачи': True, 'Количество сессий пересдач == числу отстающих тестов (2)': True, 'Все сессии начинаются в 15:00': False, 'Все сессии длятся 1 час': True, "CRITICAL: ровно по одной часовой сессии в формате 'Remediation Session: <quiz title>' для каждого отстающего теста, начало в 15:00": False, 'CRITICAL: сессии запланированы на последовательные дни, начиная с понедельника недели после launch_time': True}

======================================================================
FAIL: test_fetch_arxiv_conference_schedule_gcal_teamly__equivalent_east__America_New_York (test_calendar_real_graders.RealCalendarGraders.test_fetch_arxiv_conference_schedule_gcal_teamly__equivalent_east__America_New_York)
----------------------------------------------------------------------
Traceback (most recent call last):
  File "/private/tmp/cowork-upstream-timezone/tests/regression/test_calendar_real_graders.py", line 180, in test
    self.run_variant(case, variant, session_zone)
  File "/private/tmp/cowork-upstream-timezone/tests/regression/test_calendar_real_graders.py", line 150, in run_variant
    self.assertEqual(all(selected.values()), expected, selected)
AssertionError: False != True : {'3 reading group events exist': True, 'Exactly 3 reading-group events on 2026-03-18/19/20 at 14:00-15:30 with correct topics': False, "Reading group 'transformer' on 2026-03-18 (14:00-15:30) present": False, "Reading group 'attention' on 2026-03-19 (14:00-15:30) present": False, "Reading group 'optim' on 2026-03-20 (14:00-15:30) present": False, 'Each reading-group description references a reading-list paper title': False}

======================================================================
FAIL: test_fetch_arxiv_conference_schedule_gcal_teamly__equivalent_east__Europe_Moscow (test_calendar_real_graders.RealCalendarGraders.test_fetch_arxiv_conference_schedule_gcal_teamly__equivalent_east__Europe_Moscow)
----------------------------------------------------------------------
Traceback (most recent call last):
  File "/private/tmp/cowork-upstream-timezone/tests/regression/test_calendar_real_graders.py", line 180, in test
    self.run_variant(case, variant, session_zone)
  File "/private/tmp/cowork-upstream-timezone/tests/regression/test_calendar_real_graders.py", line 150, in run_variant
    self.assertEqual(all(selected.values()), expected, selected)
AssertionError: False != True : {'3 reading group events exist': True, 'Exactly 3 reading-group events on 2026-03-18/19/20 at 14:00-15:30 with correct topics': False, "Reading group 'transformer' on 2026-03-18 (14:00-15:30) present": False, "Reading group 'attention' on 2026-03-19 (14:00-15:30) present": False, "Reading group 'optim' on 2026-03-20 (14:00-15:30) present": False, 'Each reading-group description references a reading-list paper title': False}

======================================================================
FAIL: test_fetch_arxiv_conference_schedule_gcal_teamly__equivalent_moscow__America_New_York (test_calendar_real_graders.RealCalendarGraders.test_fetch_arxiv_conference_schedule_gcal_teamly__equivalent_moscow__America_New_York)
----------------------------------------------------------------------
Traceback (most recent call last):
  File "/private/tmp/cowork-upstream-timezone/tests/regression/test_calendar_real_graders.py", line 180, in test
    self.run_variant(case, variant, session_zone)
  File "/private/tmp/cowork-upstream-timezone/tests/regression/test_calendar_real_graders.py", line 150, in run_variant
    self.assertEqual(all(selected.values()), expected, selected)
AssertionError: False != True : {'3 reading group events exist': True, 'Exactly 3 reading-group events on 2026-03-18/19/20 at 14:00-15:30 with correct topics': False, "Reading group 'transformer' on 2026-03-18 (14:00-15:30) present": False, "Reading group 'attention' on 2026-03-19 (14:00-15:30) present": False, "Reading group 'optim' on 2026-03-20 (14:00-15:30) present": False, 'Each reading-group description references a reading-list paper title': False}

======================================================================
FAIL: test_fetch_arxiv_conference_schedule_gcal_teamly__equivalent_moscow__Europe_Moscow (test_calendar_real_graders.RealCalendarGraders.test_fetch_arxiv_conference_schedule_gcal_teamly__equivalent_moscow__Europe_Moscow)
----------------------------------------------------------------------
Traceback (most recent call last):
  File "/private/tmp/cowork-upstream-timezone/tests/regression/test_calendar_real_graders.py", line 180, in test
    self.run_variant(case, variant, session_zone)
  File "/private/tmp/cowork-upstream-timezone/tests/regression/test_calendar_real_graders.py", line 150, in run_variant
    self.assertEqual(all(selected.values()), expected, selected)
AssertionError: False != True : {'3 reading group events exist': True, 'Exactly 3 reading-group events on 2026-03-18/19/20 at 14:00-15:30 with correct topics': False, "Reading group 'transformer' on 2026-03-18 (14:00-15:30) present": False, "Reading group 'attention' on 2026-03-19 (14:00-15:30) present": False, "Reading group 'optim' on 2026-03-20 (14:00-15:30) present": False, 'Each reading-group description references a reading-list paper title': False}

======================================================================
FAIL: test_fetch_arxiv_conference_schedule_gcal_teamly__equivalent_west__America_New_York (test_calendar_real_graders.RealCalendarGraders.test_fetch_arxiv_conference_schedule_gcal_teamly__equivalent_west__America_New_York)
----------------------------------------------------------------------
Traceback (most recent call last):
  File "/private/tmp/cowork-upstream-timezone/tests/regression/test_calendar_real_graders.py", line 180, in test
    self.run_variant(case, variant, session_zone)
  File "/private/tmp/cowork-upstream-timezone/tests/regression/test_calendar_real_graders.py", line 150, in run_variant
    self.assertEqual(all(selected.values()), expected, selected)
AssertionError: False != True : {'3 reading group events exist': True, 'Exactly 3 reading-group events on 2026-03-18/19/20 at 14:00-15:30 with correct topics': False, "Reading group 'transformer' on 2026-03-18 (14:00-15:30) present": False, "Reading group 'attention' on 2026-03-19 (14:00-15:30) present": False, "Reading group 'optim' on 2026-03-20 (14:00-15:30) present": False, 'Each reading-group description references a reading-list paper title': False}

======================================================================
FAIL: test_fetch_arxiv_conference_schedule_gcal_teamly__equivalent_west__Europe_Moscow (test_calendar_real_graders.RealCalendarGraders.test_fetch_arxiv_conference_schedule_gcal_teamly__equivalent_west__Europe_Moscow)
----------------------------------------------------------------------
Traceback (most recent call last):
  File "/private/tmp/cowork-upstream-timezone/tests/regression/test_calendar_real_graders.py", line 180, in test
    self.run_variant(case, variant, session_zone)
  File "/private/tmp/cowork-upstream-timezone/tests/regression/test_calendar_real_graders.py", line 150, in run_variant
    self.assertEqual(all(selected.values()), expected, selected)
AssertionError: False != True : {'3 reading group events exist': True, 'Exactly 3 reading-group events on 2026-03-18/19/20 at 14:00-15:30 with correct topics': False, "Reading group 'transformer' on 2026-03-18 (14:00-15:30) present": False, "Reading group 'attention' on 2026-03-19 (14:00-15:30) present": False, "Reading group 'optim' on 2026-03-20 (14:00-15:30) present": False, 'Each reading-group description references a reading-list paper title': False}

======================================================================
FAIL: test_fetch_arxiv_conference_schedule_gcal_teamly__same_clock_moscow__Europe_Moscow (test_calendar_real_graders.RealCalendarGraders.test_fetch_arxiv_conference_schedule_gcal_teamly__same_clock_moscow__Europe_Moscow)
----------------------------------------------------------------------
Traceback (most recent call last):
  File "/private/tmp/cowork-upstream-timezone/tests/regression/test_calendar_real_graders.py", line 180, in test
    self.run_variant(case, variant, session_zone)
  File "/private/tmp/cowork-upstream-timezone/tests/regression/test_calendar_real_graders.py", line 150, in run_variant
    self.assertEqual(all(selected.values()), expected, selected)
AssertionError: True != False : {'3 reading group events exist': True, 'Exactly 3 reading-group events on 2026-03-18/19/20 at 14:00-15:30 with correct topics': True, "Reading group 'transformer' on 2026-03-18 (14:00-15:30) present": True, "Reading group 'attention' on 2026-03-19 (14:00-15:30) present": True, "Reading group 'optim' on 2026-03-20 (14:00-15:30) present": True, 'Each reading-group description references a reading-list paper title': True}

======================================================================
FAIL: test_fetch_arxiv_conference_schedule_gcal_teamly__utc__America_New_York (test_calendar_real_graders.RealCalendarGraders.test_fetch_arxiv_conference_schedule_gcal_teamly__utc__America_New_York)
----------------------------------------------------------------------
Traceback (most recent call last):
  File "/private/tmp/cowork-upstream-timezone/tests/regression/test_calendar_real_graders.py", line 180, in test
    self.run_variant(case, variant, session_zone)
  File "/private/tmp/cowork-upstream-timezone/tests/regression/test_calendar_real_graders.py", line 150, in run_variant
    self.assertEqual(all(selected.values()), expected, selected)
AssertionError: False != True : {'3 reading group events exist': True, 'Exactly 3 reading-group events on 2026-03-18/19/20 at 14:00-15:30 with correct topics': False, "Reading group 'transformer' on 2026-03-18 (14:00-15:30) present": False, "Reading group 'attention' on 2026-03-19 (14:00-15:30) present": False, "Reading group 'optim' on 2026-03-20 (14:00-15:30) present": False, 'Each reading-group description references a reading-list paper title': False}

======================================================================
FAIL: test_fetch_arxiv_conference_schedule_gcal_teamly__utc__Europe_Moscow (test_calendar_real_graders.RealCalendarGraders.test_fetch_arxiv_conference_schedule_gcal_teamly__utc__Europe_Moscow)
----------------------------------------------------------------------
Traceback (most recent call last):
  File "/private/tmp/cowork-upstream-timezone/tests/regression/test_calendar_real_graders.py", line 180, in test
    self.run_variant(case, variant, session_zone)
  File "/private/tmp/cowork-upstream-timezone/tests/regression/test_calendar_real_graders.py", line 150, in run_variant
    self.assertEqual(all(selected.values()), expected, selected)
AssertionError: False != True : {'3 reading group events exist': True, 'Exactly 3 reading-group events on 2026-03-18/19/20 at 14:00-15:30 with correct topics': False, "Reading group 'transformer' on 2026-03-18 (14:00-15:30) present": False, "Reading group 'attention' on 2026-03-19 (14:00-15:30) present": False, "Reading group 'optim' on 2026-03-20 (14:00-15:30) present": False, 'Each reading-group description references a reading-list paper title': False}

======================================================================
FAIL: test_fetch_kulinar_catering_excel_gcal_email__equivalent_east__America_New_York (test_calendar_real_graders.RealCalendarGraders.test_fetch_kulinar_catering_excel_gcal_email__equivalent_east__America_New_York)
----------------------------------------------------------------------
Traceback (most recent call last):
  File "/private/tmp/cowork-upstream-timezone/tests/regression/test_calendar_real_graders.py", line 180, in test
    self.run_variant(case, variant, session_zone)
  File "/private/tmp/cowork-upstream-timezone/tests/regression/test_calendar_real_graders.py", line 150, in run_variant
    self.assertEqual(all(selected.values()), expected, selected)
AssertionError: False != True : {'5 meal prep calendar events': True, 'Calendar events on March 16-20': True, 'All calendar events 07:00-08:00 with correct day suffix': False}

======================================================================
FAIL: test_fetch_kulinar_catering_excel_gcal_email__equivalent_east__Europe_Moscow (test_calendar_real_graders.RealCalendarGraders.test_fetch_kulinar_catering_excel_gcal_email__equivalent_east__Europe_Moscow)
----------------------------------------------------------------------
Traceback (most recent call last):
  File "/private/tmp/cowork-upstream-timezone/tests/regression/test_calendar_real_graders.py", line 180, in test
    self.run_variant(case, variant, session_zone)
  File "/private/tmp/cowork-upstream-timezone/tests/regression/test_calendar_real_graders.py", line 150, in run_variant
    self.assertEqual(all(selected.values()), expected, selected)
AssertionError: False != True : {'5 meal prep calendar events': True, 'Calendar events on March 16-20': True, 'All calendar events 07:00-08:00 with correct day suffix': False}

======================================================================
FAIL: test_fetch_kulinar_catering_excel_gcal_email__equivalent_moscow__America_New_York (test_calendar_real_graders.RealCalendarGraders.test_fetch_kulinar_catering_excel_gcal_email__equivalent_moscow__America_New_York)
----------------------------------------------------------------------
Traceback (most recent call last):
  File "/private/tmp/cowork-upstream-timezone/tests/regression/test_calendar_real_graders.py", line 180, in test
    self.run_variant(case, variant, session_zone)
  File "/private/tmp/cowork-upstream-timezone/tests/regression/test_calendar_real_graders.py", line 150, in run_variant
    self.assertEqual(all(selected.values()), expected, selected)
AssertionError: False != True : {'5 meal prep calendar events': True, 'Calendar events on March 16-20': True, 'All calendar events 07:00-08:00 with correct day suffix': False}

======================================================================
FAIL: test_fetch_kulinar_catering_excel_gcal_email__equivalent_moscow__Europe_Moscow (test_calendar_real_graders.RealCalendarGraders.test_fetch_kulinar_catering_excel_gcal_email__equivalent_moscow__Europe_Moscow)
----------------------------------------------------------------------
Traceback (most recent call last):
  File "/private/tmp/cowork-upstream-timezone/tests/regression/test_calendar_real_graders.py", line 180, in test
    self.run_variant(case, variant, session_zone)
  File "/private/tmp/cowork-upstream-timezone/tests/regression/test_calendar_real_graders.py", line 150, in run_variant
    self.assertEqual(all(selected.values()), expected, selected)
AssertionError: False != True : {'5 meal prep calendar events': True, 'Calendar events on March 16-20': True, 'All calendar events 07:00-08:00 with correct day suffix': False}

======================================================================
FAIL: test_fetch_kulinar_catering_excel_gcal_email__equivalent_west__America_New_York (test_calendar_real_graders.RealCalendarGraders.test_fetch_kulinar_catering_excel_gcal_email__equivalent_west__America_New_York)
----------------------------------------------------------------------
Traceback (most recent call last):
  File "/private/tmp/cowork-upstream-timezone/tests/regression/test_calendar_real_graders.py", line 180, in test
    self.run_variant(case, variant, session_zone)
  File "/private/tmp/cowork-upstream-timezone/tests/regression/test_calendar_real_graders.py", line 150, in run_variant
    self.assertEqual(all(selected.values()), expected, selected)
AssertionError: False != True : {'5 meal prep calendar events': True, 'Calendar events on March 16-20': True, 'All calendar events 07:00-08:00 with correct day suffix': False}

======================================================================
FAIL: test_fetch_kulinar_catering_excel_gcal_email__equivalent_west__Europe_Moscow (test_calendar_real_graders.RealCalendarGraders.test_fetch_kulinar_catering_excel_gcal_email__equivalent_west__Europe_Moscow)
----------------------------------------------------------------------
Traceback (most recent call last):
  File "/private/tmp/cowork-upstream-timezone/tests/regression/test_calendar_real_graders.py", line 180, in test
    self.run_variant(case, variant, session_zone)
  File "/private/tmp/cowork-upstream-timezone/tests/regression/test_calendar_real_graders.py", line 150, in run_variant
    self.assertEqual(all(selected.values()), expected, selected)
AssertionError: False != True : {'5 meal prep calendar events': True, 'Calendar events on March 16-20': True, 'All calendar events 07:00-08:00 with correct day suffix': False}

======================================================================
FAIL: test_fetch_kulinar_catering_excel_gcal_email__same_clock_moscow__Europe_Moscow (test_calendar_real_graders.RealCalendarGraders.test_fetch_kulinar_catering_excel_gcal_email__same_clock_moscow__Europe_Moscow)
----------------------------------------------------------------------
Traceback (most recent call last):
  File "/private/tmp/cowork-upstream-timezone/tests/regression/test_calendar_real_graders.py", line 180, in test
    self.run_variant(case, variant, session_zone)
  File "/private/tmp/cowork-upstream-timezone/tests/regression/test_calendar_real_graders.py", line 150, in run_variant
    self.assertEqual(all(selected.values()), expected, selected)
AssertionError: True != False : {'5 meal prep calendar events': True, 'Calendar events on March 16-20': True, 'All calendar events 07:00-08:00 with correct day suffix': True}

======================================================================
FAIL: test_fetch_kulinar_catering_excel_gcal_email__utc__America_New_York (test_calendar_real_graders.RealCalendarGraders.test_fetch_kulinar_catering_excel_gcal_email__utc__America_New_York)
----------------------------------------------------------------------
Traceback (most recent call last):
  File "/private/tmp/cowork-upstream-timezone/tests/regression/test_calendar_real_graders.py", line 180, in test
    self.run_variant(case, variant, session_zone)
  File "/private/tmp/cowork-upstream-timezone/tests/regression/test_calendar_real_graders.py", line 150, in run_variant
    self.assertEqual(all(selected.values()), expected, selected)
AssertionError: False != True : {'5 meal prep calendar events': True, 'Calendar events on March 16-20': True, 'All calendar events 07:00-08:00 with correct day suffix': False}

======================================================================
FAIL: test_fetch_kulinar_catering_excel_gcal_email__utc__Europe_Moscow (test_calendar_real_graders.RealCalendarGraders.test_fetch_kulinar_catering_excel_gcal_email__utc__Europe_Moscow)
----------------------------------------------------------------------
Traceback (most recent call last):
  File "/private/tmp/cowork-upstream-timezone/tests/regression/test_calendar_real_graders.py", line 180, in test
    self.run_variant(case, variant, session_zone)
  File "/private/tmp/cowork-upstream-timezone/tests/regression/test_calendar_real_graders.py", line 150, in run_variant
    self.assertEqual(all(selected.values()), expected, selected)
AssertionError: False != True : {'5 meal prep calendar events': True, 'Calendar events on March 16-20': True, 'All calendar events 07:00-08:00 with correct day suffix': False}

======================================================================
FAIL: test_fetch_sf_sales_forecast_ppt_gcal__equivalent_east__America_New_York (test_calendar_real_graders.RealCalendarGraders.test_fetch_sf_sales_forecast_ppt_gcal__equivalent_east__America_New_York)
----------------------------------------------------------------------
Traceback (most recent call last):
  File "/private/tmp/cowork-upstream-timezone/tests/regression/test_calendar_real_graders.py", line 180, in test
    self.run_variant(case, variant, session_zone)
  File "/private/tmp/cowork-upstream-timezone/tests/regression/test_calendar_real_graders.py", line 150, in run_variant
    self.assertEqual(all(selected.values()), expected, selected)
AssertionError: False != True : {'Board presentation event exists': True, 'Event on March 28, 2026': True, 'Event start 2026-03-28 10:00 and end 11:30': False, 'Event description has forecast info': True, 'Calendar description has correct company-wide Q2 total': True, 'Calendar description names top-growth region (Азиатско-Тихоокеанский)': True}

======================================================================
FAIL: test_fetch_sf_sales_forecast_ppt_gcal__equivalent_east__Europe_Moscow (test_calendar_real_graders.RealCalendarGraders.test_fetch_sf_sales_forecast_ppt_gcal__equivalent_east__Europe_Moscow)
----------------------------------------------------------------------
Traceback (most recent call last):
  File "/private/tmp/cowork-upstream-timezone/tests/regression/test_calendar_real_graders.py", line 180, in test
    self.run_variant(case, variant, session_zone)
  File "/private/tmp/cowork-upstream-timezone/tests/regression/test_calendar_real_graders.py", line 150, in run_variant
    self.assertEqual(all(selected.values()), expected, selected)
AssertionError: False != True : {'Board presentation event exists': True, 'Event on March 28, 2026': True, 'Event start 2026-03-28 10:00 and end 11:30': False, 'Event description has forecast info': True, 'Calendar description has correct company-wide Q2 total': True, 'Calendar description names top-growth region (Азиатско-Тихоокеанский)': True}

======================================================================
FAIL: test_fetch_sf_sales_forecast_ppt_gcal__equivalent_moscow__America_New_York (test_calendar_real_graders.RealCalendarGraders.test_fetch_sf_sales_forecast_ppt_gcal__equivalent_moscow__America_New_York)
----------------------------------------------------------------------
Traceback (most recent call last):
  File "/private/tmp/cowork-upstream-timezone/tests/regression/test_calendar_real_graders.py", line 180, in test
    self.run_variant(case, variant, session_zone)
  File "/private/tmp/cowork-upstream-timezone/tests/regression/test_calendar_real_graders.py", line 150, in run_variant
    self.assertEqual(all(selected.values()), expected, selected)
AssertionError: False != True : {'Board presentation event exists': True, 'Event on March 28, 2026': True, 'Event start 2026-03-28 10:00 and end 11:30': False, 'Event description has forecast info': True, 'Calendar description has correct company-wide Q2 total': True, 'Calendar description names top-growth region (Азиатско-Тихоокеанский)': True}

======================================================================
FAIL: test_fetch_sf_sales_forecast_ppt_gcal__equivalent_moscow__Europe_Moscow (test_calendar_real_graders.RealCalendarGraders.test_fetch_sf_sales_forecast_ppt_gcal__equivalent_moscow__Europe_Moscow)
----------------------------------------------------------------------
Traceback (most recent call last):
  File "/private/tmp/cowork-upstream-timezone/tests/regression/test_calendar_real_graders.py", line 180, in test
    self.run_variant(case, variant, session_zone)
  File "/private/tmp/cowork-upstream-timezone/tests/regression/test_calendar_real_graders.py", line 150, in run_variant
    self.assertEqual(all(selected.values()), expected, selected)
AssertionError: False != True : {'Board presentation event exists': True, 'Event on March 28, 2026': True, 'Event start 2026-03-28 10:00 and end 11:30': False, 'Event description has forecast info': True, 'Calendar description has correct company-wide Q2 total': True, 'Calendar description names top-growth region (Азиатско-Тихоокеанский)': True}

======================================================================
FAIL: test_fetch_sf_sales_forecast_ppt_gcal__equivalent_west__America_New_York (test_calendar_real_graders.RealCalendarGraders.test_fetch_sf_sales_forecast_ppt_gcal__equivalent_west__America_New_York)
----------------------------------------------------------------------
Traceback (most recent call last):
  File "/private/tmp/cowork-upstream-timezone/tests/regression/test_calendar_real_graders.py", line 180, in test
    self.run_variant(case, variant, session_zone)
  File "/private/tmp/cowork-upstream-timezone/tests/regression/test_calendar_real_graders.py", line 150, in run_variant
    self.assertEqual(all(selected.values()), expected, selected)
AssertionError: False != True : {'Board presentation event exists': True, 'Event on March 28, 2026': True, 'Event start 2026-03-28 10:00 and end 11:30': False, 'Event description has forecast info': True, 'Calendar description has correct company-wide Q2 total': True, 'Calendar description names top-growth region (Азиатско-Тихоокеанский)': True}

======================================================================
FAIL: test_fetch_sf_sales_forecast_ppt_gcal__equivalent_west__Europe_Moscow (test_calendar_real_graders.RealCalendarGraders.test_fetch_sf_sales_forecast_ppt_gcal__equivalent_west__Europe_Moscow)
----------------------------------------------------------------------
Traceback (most recent call last):
  File "/private/tmp/cowork-upstream-timezone/tests/regression/test_calendar_real_graders.py", line 180, in test
    self.run_variant(case, variant, session_zone)
  File "/private/tmp/cowork-upstream-timezone/tests/regression/test_calendar_real_graders.py", line 150, in run_variant
    self.assertEqual(all(selected.values()), expected, selected)
AssertionError: False != True : {'Board presentation event exists': True, 'Event on March 28, 2026': True, 'Event start 2026-03-28 10:00 and end 11:30': False, 'Event description has forecast info': True, 'Calendar description has correct company-wide Q2 total': True, 'Calendar description names top-growth region (Азиатско-Тихоокеанский)': True}

======================================================================
FAIL: test_fetch_sf_sales_forecast_ppt_gcal__same_clock_moscow__Europe_Moscow (test_calendar_real_graders.RealCalendarGraders.test_fetch_sf_sales_forecast_ppt_gcal__same_clock_moscow__Europe_Moscow)
----------------------------------------------------------------------
Traceback (most recent call last):
  File "/private/tmp/cowork-upstream-timezone/tests/regression/test_calendar_real_graders.py", line 180, in test
    self.run_variant(case, variant, session_zone)
  File "/private/tmp/cowork-upstream-timezone/tests/regression/test_calendar_real_graders.py", line 150, in run_variant
    self.assertEqual(all(selected.values()), expected, selected)
AssertionError: True != False : {'Board presentation event exists': True, 'Event on March 28, 2026': True, 'Event start 2026-03-28 10:00 and end 11:30': True, 'Event description has forecast info': True, 'Calendar description has correct company-wide Q2 total': True, 'Calendar description names top-growth region (Азиатско-Тихоокеанский)': True}

======================================================================
FAIL: test_fetch_sf_sales_forecast_ppt_gcal__utc__America_New_York (test_calendar_real_graders.RealCalendarGraders.test_fetch_sf_sales_forecast_ppt_gcal__utc__America_New_York)
----------------------------------------------------------------------
Traceback (most recent call last):
  File "/private/tmp/cowork-upstream-timezone/tests/regression/test_calendar_real_graders.py", line 180, in test
    self.run_variant(case, variant, session_zone)
  File "/private/tmp/cowork-upstream-timezone/tests/regression/test_calendar_real_graders.py", line 150, in run_variant
    self.assertEqual(all(selected.values()), expected, selected)
AssertionError: False != True : {'Board presentation event exists': True, 'Event on March 28, 2026': True, 'Event start 2026-03-28 10:00 and end 11:30': False, 'Event description has forecast info': True, 'Calendar description has correct company-wide Q2 total': True, 'Calendar description names top-growth region (Азиатско-Тихоокеанский)': True}

======================================================================
FAIL: test_fetch_sf_sales_forecast_ppt_gcal__utc__Europe_Moscow (test_calendar_real_graders.RealCalendarGraders.test_fetch_sf_sales_forecast_ppt_gcal__utc__Europe_Moscow)
----------------------------------------------------------------------
Traceback (most recent call last):
  File "/private/tmp/cowork-upstream-timezone/tests/regression/test_calendar_real_graders.py", line 180, in test
    self.run_variant(case, variant, session_zone)
  File "/private/tmp/cowork-upstream-timezone/tests/regression/test_calendar_real_graders.py", line 150, in run_variant
    self.assertEqual(all(selected.values()), expected, selected)
AssertionError: False != True : {'Board presentation event exists': True, 'Event on March 28, 2026': True, 'Event start 2026-03-28 10:00 and end 11:30': False, 'Event description has forecast info': True, 'Calendar description has correct company-wide Q2 total': True, 'Calendar description names top-growth region (Азиатско-Тихоокеанский)': True}

======================================================================
FAIL: test_insales_order_monthly_ppt_gcal__equivalent_east__America_New_York (test_calendar_real_graders.RealCalendarGraders.test_insales_order_monthly_ppt_gcal__equivalent_east__America_New_York)
----------------------------------------------------------------------
Traceback (most recent call last):
  File "/private/tmp/cowork-upstream-timezone/tests/regression/test_calendar_real_graders.py", line 180, in test
    self.run_variant(case, variant, session_zone)
  File "/private/tmp/cowork-upstream-timezone/tests/regression/test_calendar_real_graders.py", line 150, in run_variant
    self.assertEqual(all(selected.values()), expected, selected)
AssertionError: False != True : {"Calendar: событие 'Monthly Sales Review'/'Обзор продаж' на 2026-04-15 14:00": False}

======================================================================
FAIL: test_insales_order_monthly_ppt_gcal__equivalent_east__Europe_Moscow (test_calendar_real_graders.RealCalendarGraders.test_insales_order_monthly_ppt_gcal__equivalent_east__Europe_Moscow)
----------------------------------------------------------------------
Traceback (most recent call last):
  File "/private/tmp/cowork-upstream-timezone/tests/regression/test_calendar_real_graders.py", line 180, in test
    self.run_variant(case, variant, session_zone)
  File "/private/tmp/cowork-upstream-timezone/tests/regression/test_calendar_real_graders.py", line 150, in run_variant
    self.assertEqual(all(selected.values()), expected, selected)
AssertionError: False != True : {"Calendar: событие 'Monthly Sales Review'/'Обзор продаж' на 2026-04-15 14:00": False}

======================================================================
FAIL: test_insales_order_monthly_ppt_gcal__equivalent_moscow__America_New_York (test_calendar_real_graders.RealCalendarGraders.test_insales_order_monthly_ppt_gcal__equivalent_moscow__America_New_York)
----------------------------------------------------------------------
Traceback (most recent call last):
  File "/private/tmp/cowork-upstream-timezone/tests/regression/test_calendar_real_graders.py", line 180, in test
    self.run_variant(case, variant, session_zone)
  File "/private/tmp/cowork-upstream-timezone/tests/regression/test_calendar_real_graders.py", line 150, in run_variant
    self.assertEqual(all(selected.values()), expected, selected)
AssertionError: False != True : {"Calendar: событие 'Monthly Sales Review'/'Обзор продаж' на 2026-04-15 14:00": False}

======================================================================
FAIL: test_insales_order_monthly_ppt_gcal__equivalent_moscow__Europe_Moscow (test_calendar_real_graders.RealCalendarGraders.test_insales_order_monthly_ppt_gcal__equivalent_moscow__Europe_Moscow)
----------------------------------------------------------------------
Traceback (most recent call last):
  File "/private/tmp/cowork-upstream-timezone/tests/regression/test_calendar_real_graders.py", line 180, in test
    self.run_variant(case, variant, session_zone)
  File "/private/tmp/cowork-upstream-timezone/tests/regression/test_calendar_real_graders.py", line 150, in run_variant
    self.assertEqual(all(selected.values()), expected, selected)
AssertionError: False != True : {"Calendar: событие 'Monthly Sales Review'/'Обзор продаж' на 2026-04-15 14:00": False}

======================================================================
FAIL: test_insales_order_monthly_ppt_gcal__equivalent_west__America_New_York (test_calendar_real_graders.RealCalendarGraders.test_insales_order_monthly_ppt_gcal__equivalent_west__America_New_York)
----------------------------------------------------------------------
Traceback (most recent call last):
  File "/private/tmp/cowork-upstream-timezone/tests/regression/test_calendar_real_graders.py", line 180, in test
    self.run_variant(case, variant, session_zone)
  File "/private/tmp/cowork-upstream-timezone/tests/regression/test_calendar_real_graders.py", line 150, in run_variant
    self.assertEqual(all(selected.values()), expected, selected)
AssertionError: False != True : {"Calendar: событие 'Monthly Sales Review'/'Обзор продаж' на 2026-04-15 14:00": False}

======================================================================
FAIL: test_insales_order_monthly_ppt_gcal__equivalent_west__Europe_Moscow (test_calendar_real_graders.RealCalendarGraders.test_insales_order_monthly_ppt_gcal__equivalent_west__Europe_Moscow)
----------------------------------------------------------------------
Traceback (most recent call last):
  File "/private/tmp/cowork-upstream-timezone/tests/regression/test_calendar_real_graders.py", line 180, in test
    self.run_variant(case, variant, session_zone)
  File "/private/tmp/cowork-upstream-timezone/tests/regression/test_calendar_real_graders.py", line 150, in run_variant
    self.assertEqual(all(selected.values()), expected, selected)
AssertionError: False != True : {"Calendar: событие 'Monthly Sales Review'/'Обзор продаж' на 2026-04-15 14:00": False}

======================================================================
FAIL: test_insales_order_monthly_ppt_gcal__same_clock_moscow__Europe_Moscow (test_calendar_real_graders.RealCalendarGraders.test_insales_order_monthly_ppt_gcal__same_clock_moscow__Europe_Moscow)
----------------------------------------------------------------------
Traceback (most recent call last):
  File "/private/tmp/cowork-upstream-timezone/tests/regression/test_calendar_real_graders.py", line 180, in test
    self.run_variant(case, variant, session_zone)
  File "/private/tmp/cowork-upstream-timezone/tests/regression/test_calendar_real_graders.py", line 150, in run_variant
    self.assertEqual(all(selected.values()), expected, selected)
AssertionError: True != False : {"Calendar: событие 'Monthly Sales Review'/'Обзор продаж' на 2026-04-15 14:00": True}

======================================================================
FAIL: test_insales_order_monthly_ppt_gcal__utc__America_New_York (test_calendar_real_graders.RealCalendarGraders.test_insales_order_monthly_ppt_gcal__utc__America_New_York)
----------------------------------------------------------------------
Traceback (most recent call last):
  File "/private/tmp/cowork-upstream-timezone/tests/regression/test_calendar_real_graders.py", line 180, in test
    self.run_variant(case, variant, session_zone)
  File "/private/tmp/cowork-upstream-timezone/tests/regression/test_calendar_real_graders.py", line 150, in run_variant
    self.assertEqual(all(selected.values()), expected, selected)
AssertionError: False != True : {"Calendar: событие 'Monthly Sales Review'/'Обзор продаж' на 2026-04-15 14:00": False}

======================================================================
FAIL: test_insales_order_monthly_ppt_gcal__utc__Europe_Moscow (test_calendar_real_graders.RealCalendarGraders.test_insales_order_monthly_ppt_gcal__utc__Europe_Moscow)
----------------------------------------------------------------------
Traceback (most recent call last):
  File "/private/tmp/cowork-upstream-timezone/tests/regression/test_calendar_real_graders.py", line 180, in test
    self.run_variant(case, variant, session_zone)
  File "/private/tmp/cowork-upstream-timezone/tests/regression/test_calendar_real_graders.py", line 150, in run_variant
    self.assertEqual(all(selected.values()), expected, selected)
AssertionError: False != True : {"Calendar: событие 'Monthly Sales Review'/'Обзор продаж' на 2026-04-15 14:00": False}

======================================================================
FAIL: test_insales_product_bundle_excel_ppt_gcal__equivalent_east__America_New_York (test_calendar_real_graders.RealCalendarGraders.test_insales_product_bundle_excel_ppt_gcal__equivalent_east__America_New_York)
----------------------------------------------------------------------
Traceback (most recent call last):
  File "/private/tmp/cowork-upstream-timezone/tests/regression/test_calendar_real_graders.py", line 180, in test
    self.run_variant(case, variant, session_zone)
  File "/private/tmp/cowork-upstream-timezone/tests/regression/test_calendar_real_graders.py", line 150, in run_variant
    self.assertEqual(all(selected.values()), expected, selected)
AssertionError: False != True : {'At least 3 bundle-related calendar events': True, 'CRITICAL Calendar date 2026-03-16 10:00 ~1h': False, 'CRITICAL Calendar date 2026-03-18 10:00 ~1h': False, 'CRITICAL Calendar date 2026-03-20 10:00 ~1h': False}

======================================================================
FAIL: test_insales_product_bundle_excel_ppt_gcal__equivalent_east__Europe_Moscow (test_calendar_real_graders.RealCalendarGraders.test_insales_product_bundle_excel_ppt_gcal__equivalent_east__Europe_Moscow)
----------------------------------------------------------------------
Traceback (most recent call last):
  File "/private/tmp/cowork-upstream-timezone/tests/regression/test_calendar_real_graders.py", line 180, in test
    self.run_variant(case, variant, session_zone)
  File "/private/tmp/cowork-upstream-timezone/tests/regression/test_calendar_real_graders.py", line 150, in run_variant
    self.assertEqual(all(selected.values()), expected, selected)
AssertionError: False != True : {'At least 3 bundle-related calendar events': True, 'CRITICAL Calendar date 2026-03-16 10:00 ~1h': False, 'CRITICAL Calendar date 2026-03-18 10:00 ~1h': False, 'CRITICAL Calendar date 2026-03-20 10:00 ~1h': False}

======================================================================
FAIL: test_insales_product_bundle_excel_ppt_gcal__equivalent_moscow__America_New_York (test_calendar_real_graders.RealCalendarGraders.test_insales_product_bundle_excel_ppt_gcal__equivalent_moscow__America_New_York)
----------------------------------------------------------------------
Traceback (most recent call last):
  File "/private/tmp/cowork-upstream-timezone/tests/regression/test_calendar_real_graders.py", line 180, in test
    self.run_variant(case, variant, session_zone)
  File "/private/tmp/cowork-upstream-timezone/tests/regression/test_calendar_real_graders.py", line 150, in run_variant
    self.assertEqual(all(selected.values()), expected, selected)
AssertionError: False != True : {'At least 3 bundle-related calendar events': True, 'CRITICAL Calendar date 2026-03-16 10:00 ~1h': False, 'CRITICAL Calendar date 2026-03-18 10:00 ~1h': False, 'CRITICAL Calendar date 2026-03-20 10:00 ~1h': False}

======================================================================
FAIL: test_insales_product_bundle_excel_ppt_gcal__equivalent_moscow__Europe_Moscow (test_calendar_real_graders.RealCalendarGraders.test_insales_product_bundle_excel_ppt_gcal__equivalent_moscow__Europe_Moscow)
----------------------------------------------------------------------
Traceback (most recent call last):
  File "/private/tmp/cowork-upstream-timezone/tests/regression/test_calendar_real_graders.py", line 180, in test
    self.run_variant(case, variant, session_zone)
  File "/private/tmp/cowork-upstream-timezone/tests/regression/test_calendar_real_graders.py", line 150, in run_variant
    self.assertEqual(all(selected.values()), expected, selected)
AssertionError: False != True : {'At least 3 bundle-related calendar events': True, 'CRITICAL Calendar date 2026-03-16 10:00 ~1h': False, 'CRITICAL Calendar date 2026-03-18 10:00 ~1h': False, 'CRITICAL Calendar date 2026-03-20 10:00 ~1h': False}

======================================================================
FAIL: test_insales_product_bundle_excel_ppt_gcal__equivalent_west__America_New_York (test_calendar_real_graders.RealCalendarGraders.test_insales_product_bundle_excel_ppt_gcal__equivalent_west__America_New_York)
----------------------------------------------------------------------
Traceback (most recent call last):
  File "/private/tmp/cowork-upstream-timezone/tests/regression/test_calendar_real_graders.py", line 180, in test
    self.run_variant(case, variant, session_zone)
  File "/private/tmp/cowork-upstream-timezone/tests/regression/test_calendar_real_graders.py", line 150, in run_variant
    self.assertEqual(all(selected.values()), expected, selected)
AssertionError: False != True : {'At least 3 bundle-related calendar events': True, 'CRITICAL Calendar date 2026-03-16 10:00 ~1h': False, 'CRITICAL Calendar date 2026-03-18 10:00 ~1h': False, 'CRITICAL Calendar date 2026-03-20 10:00 ~1h': False}

======================================================================
FAIL: test_insales_product_bundle_excel_ppt_gcal__equivalent_west__Europe_Moscow (test_calendar_real_graders.RealCalendarGraders.test_insales_product_bundle_excel_ppt_gcal__equivalent_west__Europe_Moscow)
----------------------------------------------------------------------
Traceback (most recent call last):
  File "/private/tmp/cowork-upstream-timezone/tests/regression/test_calendar_real_graders.py", line 180, in test
    self.run_variant(case, variant, session_zone)
  File "/private/tmp/cowork-upstream-timezone/tests/regression/test_calendar_real_graders.py", line 150, in run_variant
    self.assertEqual(all(selected.values()), expected, selected)
AssertionError: False != True : {'At least 3 bundle-related calendar events': True, 'CRITICAL Calendar date 2026-03-16 10:00 ~1h': False, 'CRITICAL Calendar date 2026-03-18 10:00 ~1h': False, 'CRITICAL Calendar date 2026-03-20 10:00 ~1h': False}

======================================================================
FAIL: test_insales_product_bundle_excel_ppt_gcal__same_clock_moscow__Europe_Moscow (test_calendar_real_graders.RealCalendarGraders.test_insales_product_bundle_excel_ppt_gcal__same_clock_moscow__Europe_Moscow)
----------------------------------------------------------------------
Traceback (most recent call last):
  File "/private/tmp/cowork-upstream-timezone/tests/regression/test_calendar_real_graders.py", line 180, in test
    self.run_variant(case, variant, session_zone)
  File "/private/tmp/cowork-upstream-timezone/tests/regression/test_calendar_real_graders.py", line 150, in run_variant
    self.assertEqual(all(selected.values()), expected, selected)
AssertionError: True != False : {'At least 3 bundle-related calendar events': True, 'CRITICAL Calendar date 2026-03-16 10:00 ~1h': True, 'CRITICAL Calendar date 2026-03-18 10:00 ~1h': True, 'CRITICAL Calendar date 2026-03-20 10:00 ~1h': True}

======================================================================
FAIL: test_insales_product_bundle_excel_ppt_gcal__utc__America_New_York (test_calendar_real_graders.RealCalendarGraders.test_insales_product_bundle_excel_ppt_gcal__utc__America_New_York)
----------------------------------------------------------------------
Traceback (most recent call last):
  File "/private/tmp/cowork-upstream-timezone/tests/regression/test_calendar_real_graders.py", line 180, in test
    self.run_variant(case, variant, session_zone)
  File "/private/tmp/cowork-upstream-timezone/tests/regression/test_calendar_real_graders.py", line 150, in run_variant
    self.assertEqual(all(selected.values()), expected, selected)
AssertionError: False != True : {'At least 3 bundle-related calendar events': True, 'CRITICAL Calendar date 2026-03-16 10:00 ~1h': False, 'CRITICAL Calendar date 2026-03-18 10:00 ~1h': False, 'CRITICAL Calendar date 2026-03-20 10:00 ~1h': False}

======================================================================
FAIL: test_insales_product_bundle_excel_ppt_gcal__utc__Europe_Moscow (test_calendar_real_graders.RealCalendarGraders.test_insales_product_bundle_excel_ppt_gcal__utc__Europe_Moscow)
----------------------------------------------------------------------
Traceback (most recent call last):
  File "/private/tmp/cowork-upstream-timezone/tests/regression/test_calendar_real_graders.py", line 180, in test
    self.run_variant(case, variant, session_zone)
  File "/private/tmp/cowork-upstream-timezone/tests/regression/test_calendar_real_graders.py", line 150, in run_variant
    self.assertEqual(all(selected.values()), expected, selected)
AssertionError: False != True : {'At least 3 bundle-related calendar events': True, 'CRITICAL Calendar date 2026-03-16 10:00 ~1h': False, 'CRITICAL Calendar date 2026-03-18 10:00 ~1h': False, 'CRITICAL Calendar date 2026-03-20 10:00 ~1h': False}

======================================================================
FAIL: test_insales_product_review_analysis_gform_gcal__allowed_hour_earlier__America_New_York (test_calendar_real_graders.RealCalendarGraders.test_insales_product_review_analysis_gform_gcal__allowed_hour_earlier__America_New_York)
----------------------------------------------------------------------
Traceback (most recent call last):
  File "/private/tmp/cowork-upstream-timezone/tests/regression/test_calendar_real_graders.py", line 180, in test
    self.run_variant(case, variant, session_zone)
  File "/private/tmp/cowork-upstream-timezone/tests/regression/test_calendar_real_graders.py", line 150, in run_variant
    self.assertEqual(all(selected.values()), expected, selected)
AssertionError: False != True : {'Quality/product event exists on 2026-03-20 (RU+EN)': True, 'Calendar event on 2026-03-20 starts ~14:00 and lasts 1h': False}

======================================================================
FAIL: test_insales_product_review_analysis_gform_gcal__allowed_hour_earlier__Europe_Moscow (test_calendar_real_graders.RealCalendarGraders.test_insales_product_review_analysis_gform_gcal__allowed_hour_earlier__Europe_Moscow)
----------------------------------------------------------------------
Traceback (most recent call last):
  File "/private/tmp/cowork-upstream-timezone/tests/regression/test_calendar_real_graders.py", line 180, in test
    self.run_variant(case, variant, session_zone)
  File "/private/tmp/cowork-upstream-timezone/tests/regression/test_calendar_real_graders.py", line 150, in run_variant
    self.assertEqual(all(selected.values()), expected, selected)
AssertionError: False != True : {'Quality/product event exists on 2026-03-20 (RU+EN)': True, 'Calendar event on 2026-03-20 starts ~14:00 and lasts 1h': False}

======================================================================
FAIL: test_insales_product_review_analysis_gform_gcal__allowed_minute__America_New_York (test_calendar_real_graders.RealCalendarGraders.test_insales_product_review_analysis_gform_gcal__allowed_minute__America_New_York)
----------------------------------------------------------------------
Traceback (most recent call last):
  File "/private/tmp/cowork-upstream-timezone/tests/regression/test_calendar_real_graders.py", line 180, in test
    self.run_variant(case, variant, session_zone)
  File "/private/tmp/cowork-upstream-timezone/tests/regression/test_calendar_real_graders.py", line 150, in run_variant
    self.assertEqual(all(selected.values()), expected, selected)
AssertionError: False != True : {'Quality/product event exists on 2026-03-20 (RU+EN)': True, 'Calendar event on 2026-03-20 starts ~14:00 and lasts 1h': False}

======================================================================
FAIL: test_insales_product_review_analysis_gform_gcal__allowed_minute__Europe_Moscow (test_calendar_real_graders.RealCalendarGraders.test_insales_product_review_analysis_gform_gcal__allowed_minute__Europe_Moscow)
----------------------------------------------------------------------
Traceback (most recent call last):
  File "/private/tmp/cowork-upstream-timezone/tests/regression/test_calendar_real_graders.py", line 180, in test
    self.run_variant(case, variant, session_zone)
  File "/private/tmp/cowork-upstream-timezone/tests/regression/test_calendar_real_graders.py", line 150, in run_variant
    self.assertEqual(all(selected.values()), expected, selected)
AssertionError: False != True : {'Quality/product event exists on 2026-03-20 (RU+EN)': True, 'Calendar event on 2026-03-20 starts ~14:00 and lasts 1h': False}

======================================================================
FAIL: test_insales_product_review_analysis_gform_gcal__equivalent_east__America_New_York (test_calendar_real_graders.RealCalendarGraders.test_insales_product_review_analysis_gform_gcal__equivalent_east__America_New_York)
----------------------------------------------------------------------
Traceback (most recent call last):
  File "/private/tmp/cowork-upstream-timezone/tests/regression/test_calendar_real_graders.py", line 180, in test
    self.run_variant(case, variant, session_zone)
  File "/private/tmp/cowork-upstream-timezone/tests/regression/test_calendar_real_graders.py", line 150, in run_variant
    self.assertEqual(all(selected.values()), expected, selected)
AssertionError: False != True : {'Quality/product event exists on 2026-03-20 (RU+EN)': True, 'Calendar event on 2026-03-20 starts ~14:00 and lasts 1h': False}

======================================================================
FAIL: test_insales_product_review_analysis_gform_gcal__equivalent_east__Europe_Moscow (test_calendar_real_graders.RealCalendarGraders.test_insales_product_review_analysis_gform_gcal__equivalent_east__Europe_Moscow)
----------------------------------------------------------------------
Traceback (most recent call last):
  File "/private/tmp/cowork-upstream-timezone/tests/regression/test_calendar_real_graders.py", line 180, in test
    self.run_variant(case, variant, session_zone)
  File "/private/tmp/cowork-upstream-timezone/tests/regression/test_calendar_real_graders.py", line 150, in run_variant
    self.assertEqual(all(selected.values()), expected, selected)
AssertionError: False != True : {'Quality/product event exists on 2026-03-20 (RU+EN)': True, 'Calendar event on 2026-03-20 starts ~14:00 and lasts 1h': False}

======================================================================
FAIL: test_insales_product_review_analysis_gform_gcal__equivalent_moscow__America_New_York (test_calendar_real_graders.RealCalendarGraders.test_insales_product_review_analysis_gform_gcal__equivalent_moscow__America_New_York)
----------------------------------------------------------------------
Traceback (most recent call last):
  File "/private/tmp/cowork-upstream-timezone/tests/regression/test_calendar_real_graders.py", line 180, in test
    self.run_variant(case, variant, session_zone)
  File "/private/tmp/cowork-upstream-timezone/tests/regression/test_calendar_real_graders.py", line 150, in run_variant
    self.assertEqual(all(selected.values()), expected, selected)
AssertionError: False != True : {'Quality/product event exists on 2026-03-20 (RU+EN)': True, 'Calendar event on 2026-03-20 starts ~14:00 and lasts 1h': False}

======================================================================
FAIL: test_insales_product_review_analysis_gform_gcal__equivalent_moscow__Europe_Moscow (test_calendar_real_graders.RealCalendarGraders.test_insales_product_review_analysis_gform_gcal__equivalent_moscow__Europe_Moscow)
----------------------------------------------------------------------
Traceback (most recent call last):
  File "/private/tmp/cowork-upstream-timezone/tests/regression/test_calendar_real_graders.py", line 180, in test
    self.run_variant(case, variant, session_zone)
  File "/private/tmp/cowork-upstream-timezone/tests/regression/test_calendar_real_graders.py", line 150, in run_variant
    self.assertEqual(all(selected.values()), expected, selected)
AssertionError: False != True : {'Quality/product event exists on 2026-03-20 (RU+EN)': True, 'Calendar event on 2026-03-20 starts ~14:00 and lasts 1h': False}

======================================================================
FAIL: test_insales_product_review_analysis_gform_gcal__equivalent_west__America_New_York (test_calendar_real_graders.RealCalendarGraders.test_insales_product_review_analysis_gform_gcal__equivalent_west__America_New_York)
----------------------------------------------------------------------
Traceback (most recent call last):
  File "/private/tmp/cowork-upstream-timezone/tests/regression/test_calendar_real_graders.py", line 180, in test
    self.run_variant(case, variant, session_zone)
  File "/private/tmp/cowork-upstream-timezone/tests/regression/test_calendar_real_graders.py", line 150, in run_variant
    self.assertEqual(all(selected.values()), expected, selected)
AssertionError: False != True : {'Quality/product event exists on 2026-03-20 (RU+EN)': True, 'Calendar event on 2026-03-20 starts ~14:00 and lasts 1h': False}

======================================================================
FAIL: test_insales_product_review_analysis_gform_gcal__equivalent_west__Europe_Moscow (test_calendar_real_graders.RealCalendarGraders.test_insales_product_review_analysis_gform_gcal__equivalent_west__Europe_Moscow)
----------------------------------------------------------------------
Traceback (most recent call last):
  File "/private/tmp/cowork-upstream-timezone/tests/regression/test_calendar_real_graders.py", line 180, in test
    self.run_variant(case, variant, session_zone)
  File "/private/tmp/cowork-upstream-timezone/tests/regression/test_calendar_real_graders.py", line 150, in run_variant
    self.assertEqual(all(selected.values()), expected, selected)
AssertionError: False != True : {'Quality/product event exists on 2026-03-20 (RU+EN)': True, 'Calendar event on 2026-03-20 starts ~14:00 and lasts 1h': False}

======================================================================
FAIL: test_insales_product_review_analysis_gform_gcal__same_clock_moscow__Europe_Moscow (test_calendar_real_graders.RealCalendarGraders.test_insales_product_review_analysis_gform_gcal__same_clock_moscow__Europe_Moscow)
----------------------------------------------------------------------
Traceback (most recent call last):
  File "/private/tmp/cowork-upstream-timezone/tests/regression/test_calendar_real_graders.py", line 180, in test
    self.run_variant(case, variant, session_zone)
  File "/private/tmp/cowork-upstream-timezone/tests/regression/test_calendar_real_graders.py", line 150, in run_variant
    self.assertEqual(all(selected.values()), expected, selected)
AssertionError: True != False : {'Quality/product event exists on 2026-03-20 (RU+EN)': True, 'Calendar event on 2026-03-20 starts ~14:00 and lasts 1h': True}

======================================================================
FAIL: test_insales_product_review_analysis_gform_gcal__utc__America_New_York (test_calendar_real_graders.RealCalendarGraders.test_insales_product_review_analysis_gform_gcal__utc__America_New_York)
----------------------------------------------------------------------
Traceback (most recent call last):
  File "/private/tmp/cowork-upstream-timezone/tests/regression/test_calendar_real_graders.py", line 180, in test
    self.run_variant(case, variant, session_zone)
  File "/private/tmp/cowork-upstream-timezone/tests/regression/test_calendar_real_graders.py", line 150, in run_variant
    self.assertEqual(all(selected.values()), expected, selected)
AssertionError: False != True : {'Quality/product event exists on 2026-03-20 (RU+EN)': True, 'Calendar event on 2026-03-20 starts ~14:00 and lasts 1h': False}

======================================================================
FAIL: test_insales_product_review_analysis_gform_gcal__utc__Europe_Moscow (test_calendar_real_graders.RealCalendarGraders.test_insales_product_review_analysis_gform_gcal__utc__Europe_Moscow)
----------------------------------------------------------------------
Traceback (most recent call last):
  File "/private/tmp/cowork-upstream-timezone/tests/regression/test_calendar_real_graders.py", line 180, in test
    self.run_variant(case, variant, session_zone)
  File "/private/tmp/cowork-upstream-timezone/tests/regression/test_calendar_real_graders.py", line 150, in run_variant
    self.assertEqual(all(selected.values()), expected, selected)
AssertionError: False != True : {'Quality/product event exists on 2026-03-20 (RU+EN)': True, 'Calendar event on 2026-03-20 starts ~14:00 and lasts 1h': False}

======================================================================
FAIL: test_insales_product_review_analysis_gform_gcal__wrong_hour__America_New_York (test_calendar_real_graders.RealCalendarGraders.test_insales_product_review_analysis_gform_gcal__wrong_hour__America_New_York)
----------------------------------------------------------------------
Traceback (most recent call last):
  File "/private/tmp/cowork-upstream-timezone/tests/regression/test_calendar_real_graders.py", line 180, in test
    self.run_variant(case, variant, session_zone)
  File "/private/tmp/cowork-upstream-timezone/tests/regression/test_calendar_real_graders.py", line 150, in run_variant
    self.assertEqual(all(selected.values()), expected, selected)
AssertionError: True != False : {'Quality/product event exists on 2026-03-20 (RU+EN)': True, 'Calendar event on 2026-03-20 starts ~14:00 and lasts 1h': True}

======================================================================
FAIL: test_kulinar_weekly_gsheet_gcal__equivalent_east__America_New_York (test_calendar_real_graders.RealCalendarGraders.test_kulinar_weekly_gsheet_gcal__equivalent_east__America_New_York)
----------------------------------------------------------------------
Traceback (most recent call last):
  File "/private/tmp/cowork-upstream-timezone/tests/regression/test_calendar_real_graders.py", line 180, in test
    self.run_variant(case, variant, session_zone)
  File "/private/tmp/cowork-upstream-timezone/tests/regression/test_calendar_real_graders.py", line 150, in run_variant
    self.assertEqual(all(selected.values()), expected, selected)
AssertionError: False != True : {"7 событий 'Dinner Prep - Day 1..7' 18:00-19:00 с блюдом-ужином в описании": False}

======================================================================
FAIL: test_kulinar_weekly_gsheet_gcal__equivalent_east__Europe_Moscow (test_calendar_real_graders.RealCalendarGraders.test_kulinar_weekly_gsheet_gcal__equivalent_east__Europe_Moscow)
----------------------------------------------------------------------
Traceback (most recent call last):
  File "/private/tmp/cowork-upstream-timezone/tests/regression/test_calendar_real_graders.py", line 180, in test
    self.run_variant(case, variant, session_zone)
  File "/private/tmp/cowork-upstream-timezone/tests/regression/test_calendar_real_graders.py", line 150, in run_variant
    self.assertEqual(all(selected.values()), expected, selected)
AssertionError: False != True : {"7 событий 'Dinner Prep - Day 1..7' 18:00-19:00 с блюдом-ужином в описании": False}

======================================================================
FAIL: test_kulinar_weekly_gsheet_gcal__equivalent_moscow__America_New_York (test_calendar_real_graders.RealCalendarGraders.test_kulinar_weekly_gsheet_gcal__equivalent_moscow__America_New_York)
----------------------------------------------------------------------
Traceback (most recent call last):
  File "/private/tmp/cowork-upstream-timezone/tests/regression/test_calendar_real_graders.py", line 180, in test
    self.run_variant(case, variant, session_zone)
  File "/private/tmp/cowork-upstream-timezone/tests/regression/test_calendar_real_graders.py", line 150, in run_variant
    self.assertEqual(all(selected.values()), expected, selected)
AssertionError: False != True : {"7 событий 'Dinner Prep - Day 1..7' 18:00-19:00 с блюдом-ужином в описании": False}

======================================================================
FAIL: test_kulinar_weekly_gsheet_gcal__equivalent_moscow__Europe_Moscow (test_calendar_real_graders.RealCalendarGraders.test_kulinar_weekly_gsheet_gcal__equivalent_moscow__Europe_Moscow)
----------------------------------------------------------------------
Traceback (most recent call last):
  File "/private/tmp/cowork-upstream-timezone/tests/regression/test_calendar_real_graders.py", line 180, in test
    self.run_variant(case, variant, session_zone)
  File "/private/tmp/cowork-upstream-timezone/tests/regression/test_calendar_real_graders.py", line 150, in run_variant
    self.assertEqual(all(selected.values()), expected, selected)
AssertionError: False != True : {"7 событий 'Dinner Prep - Day 1..7' 18:00-19:00 с блюдом-ужином в описании": False}

======================================================================
FAIL: test_kulinar_weekly_gsheet_gcal__equivalent_west__America_New_York (test_calendar_real_graders.RealCalendarGraders.test_kulinar_weekly_gsheet_gcal__equivalent_west__America_New_York)
----------------------------------------------------------------------
Traceback (most recent call last):
  File "/private/tmp/cowork-upstream-timezone/tests/regression/test_calendar_real_graders.py", line 180, in test
    self.run_variant(case, variant, session_zone)
  File "/private/tmp/cowork-upstream-timezone/tests/regression/test_calendar_real_graders.py", line 150, in run_variant
    self.assertEqual(all(selected.values()), expected, selected)
AssertionError: False != True : {"7 событий 'Dinner Prep - Day 1..7' 18:00-19:00 с блюдом-ужином в описании": False}

======================================================================
FAIL: test_kulinar_weekly_gsheet_gcal__equivalent_west__Europe_Moscow (test_calendar_real_graders.RealCalendarGraders.test_kulinar_weekly_gsheet_gcal__equivalent_west__Europe_Moscow)
----------------------------------------------------------------------
Traceback (most recent call last):
  File "/private/tmp/cowork-upstream-timezone/tests/regression/test_calendar_real_graders.py", line 180, in test
    self.run_variant(case, variant, session_zone)
  File "/private/tmp/cowork-upstream-timezone/tests/regression/test_calendar_real_graders.py", line 150, in run_variant
    self.assertEqual(all(selected.values()), expected, selected)
AssertionError: False != True : {"7 событий 'Dinner Prep - Day 1..7' 18:00-19:00 с блюдом-ужином в описании": False}

======================================================================
FAIL: test_kulinar_weekly_gsheet_gcal__same_clock_moscow__Europe_Moscow (test_calendar_real_graders.RealCalendarGraders.test_kulinar_weekly_gsheet_gcal__same_clock_moscow__Europe_Moscow)
----------------------------------------------------------------------
Traceback (most recent call last):
  File "/private/tmp/cowork-upstream-timezone/tests/regression/test_calendar_real_graders.py", line 180, in test
    self.run_variant(case, variant, session_zone)
  File "/private/tmp/cowork-upstream-timezone/tests/regression/test_calendar_real_graders.py", line 150, in run_variant
    self.assertEqual(all(selected.values()), expected, selected)
AssertionError: True != False : {"7 событий 'Dinner Prep - Day 1..7' 18:00-19:00 с блюдом-ужином в описании": True}

======================================================================
FAIL: test_kulinar_weekly_gsheet_gcal__utc__America_New_York (test_calendar_real_graders.RealCalendarGraders.test_kulinar_weekly_gsheet_gcal__utc__America_New_York)
----------------------------------------------------------------------
Traceback (most recent call last):
  File "/private/tmp/cowork-upstream-timezone/tests/regression/test_calendar_real_graders.py", line 180, in test
    self.run_variant(case, variant, session_zone)
  File "/private/tmp/cowork-upstream-timezone/tests/regression/test_calendar_real_graders.py", line 150, in run_variant
    self.assertEqual(all(selected.values()), expected, selected)
AssertionError: False != True : {"7 событий 'Dinner Prep - Day 1..7' 18:00-19:00 с блюдом-ужином в описании": False}

======================================================================
FAIL: test_kulinar_weekly_gsheet_gcal__utc__Europe_Moscow (test_calendar_real_graders.RealCalendarGraders.test_kulinar_weekly_gsheet_gcal__utc__Europe_Moscow)
----------------------------------------------------------------------
Traceback (most recent call last):
  File "/private/tmp/cowork-upstream-timezone/tests/regression/test_calendar_real_graders.py", line 180, in test
    self.run_variant(case, variant, session_zone)
  File "/private/tmp/cowork-upstream-timezone/tests/regression/test_calendar_real_graders.py", line 150, in run_variant
    self.assertEqual(all(selected.values()), expected, selected)
AssertionError: False != True : {"7 событий 'Dinner Prep - Day 1..7' 18:00-19:00 с блюдом-ужином в описании": False}

======================================================================
FAIL: test_moex_options_expiry_monitor__archived_moscow__America_New_York (test_calendar_real_graders.RealCalendarGraders.test_moex_options_expiry_monitor__archived_moscow__America_New_York)
----------------------------------------------------------------------
Traceback (most recent call last):
  File "/private/tmp/cowork-upstream-timezone/tests/regression/test_calendar_real_graders.py", line 180, in test
    self.run_variant(case, variant, session_zone)
  File "/private/tmp/cowork-upstream-timezone/tests/regression/test_calendar_real_graders.py", line 153, in run_variant
    self.assertTrue(any('starts at 06:00, expected 09:00' in error for error in returned), returned)
AssertionError: False is not true : ['CRITICAL: event for GAZP.ME starts at 02:00, expected 09:00', 'CRITICAL: event for GAZP.ME ends at 02:30, expected 09:30', 'CRITICAL: event for LKOH.ME starts at 02:00, expected 09:00', 'CRITICAL: event for LKOH.ME ends at 02:30, expected 09:30', 'CRITICAL: event for MGNT.ME starts at 02:00, expected 09:00', 'CRITICAL: event for MGNT.ME ends at 02:30, expected 09:30', 'CRITICAL: event for MTSS.ME starts at 02:00, expected 09:00', 'CRITICAL: event for MTSS.ME ends at 02:30, expected 09:30', 'CRITICAL: event for SBER.ME starts at 02:00, expected 09:00', 'CRITICAL: event for SBER.ME ends at 02:30, expected 09:30']

======================================================================
FAIL: test_moex_options_expiry_monitor__archived_moscow__Europe_Moscow (test_calendar_real_graders.RealCalendarGraders.test_moex_options_expiry_monitor__archived_moscow__Europe_Moscow)
----------------------------------------------------------------------
Traceback (most recent call last):
  File "/private/tmp/cowork-upstream-timezone/tests/regression/test_calendar_real_graders.py", line 180, in test
    self.run_variant(case, variant, session_zone)
  File "/private/tmp/cowork-upstream-timezone/tests/regression/test_calendar_real_graders.py", line 150, in run_variant
    self.assertEqual(all(selected.values()), expected, selected)
AssertionError: True != False : {'calendar errors empty': True}

======================================================================
FAIL: test_moex_options_expiry_monitor__equivalent_east__America_New_York (test_calendar_real_graders.RealCalendarGraders.test_moex_options_expiry_monitor__equivalent_east__America_New_York)
----------------------------------------------------------------------
Traceback (most recent call last):
  File "/private/tmp/cowork-upstream-timezone/tests/regression/test_calendar_real_graders.py", line 180, in test
    self.run_variant(case, variant, session_zone)
  File "/private/tmp/cowork-upstream-timezone/tests/regression/test_calendar_real_graders.py", line 150, in run_variant
    self.assertEqual(all(selected.values()), expected, selected)
AssertionError: False != True : {'calendar errors empty': False}

======================================================================
FAIL: test_moex_options_expiry_monitor__equivalent_east__Europe_Moscow (test_calendar_real_graders.RealCalendarGraders.test_moex_options_expiry_monitor__equivalent_east__Europe_Moscow)
----------------------------------------------------------------------
Traceback (most recent call last):
  File "/private/tmp/cowork-upstream-timezone/tests/regression/test_calendar_real_graders.py", line 180, in test
    self.run_variant(case, variant, session_zone)
  File "/private/tmp/cowork-upstream-timezone/tests/regression/test_calendar_real_graders.py", line 150, in run_variant
    self.assertEqual(all(selected.values()), expected, selected)
AssertionError: False != True : {'calendar errors empty': False}

======================================================================
FAIL: test_moex_options_expiry_monitor__equivalent_moscow__America_New_York (test_calendar_real_graders.RealCalendarGraders.test_moex_options_expiry_monitor__equivalent_moscow__America_New_York)
----------------------------------------------------------------------
Traceback (most recent call last):
  File "/private/tmp/cowork-upstream-timezone/tests/regression/test_calendar_real_graders.py", line 180, in test
    self.run_variant(case, variant, session_zone)
  File "/private/tmp/cowork-upstream-timezone/tests/regression/test_calendar_real_graders.py", line 150, in run_variant
    self.assertEqual(all(selected.values()), expected, selected)
AssertionError: False != True : {'calendar errors empty': False}

======================================================================
FAIL: test_moex_options_expiry_monitor__equivalent_moscow__Europe_Moscow (test_calendar_real_graders.RealCalendarGraders.test_moex_options_expiry_monitor__equivalent_moscow__Europe_Moscow)
----------------------------------------------------------------------
Traceback (most recent call last):
  File "/private/tmp/cowork-upstream-timezone/tests/regression/test_calendar_real_graders.py", line 180, in test
    self.run_variant(case, variant, session_zone)
  File "/private/tmp/cowork-upstream-timezone/tests/regression/test_calendar_real_graders.py", line 150, in run_variant
    self.assertEqual(all(selected.values()), expected, selected)
AssertionError: False != True : {'calendar errors empty': False}

======================================================================
FAIL: test_moex_options_expiry_monitor__equivalent_west__America_New_York (test_calendar_real_graders.RealCalendarGraders.test_moex_options_expiry_monitor__equivalent_west__America_New_York)
----------------------------------------------------------------------
Traceback (most recent call last):
  File "/private/tmp/cowork-upstream-timezone/tests/regression/test_calendar_real_graders.py", line 180, in test
    self.run_variant(case, variant, session_zone)
  File "/private/tmp/cowork-upstream-timezone/tests/regression/test_calendar_real_graders.py", line 150, in run_variant
    self.assertEqual(all(selected.values()), expected, selected)
AssertionError: False != True : {'calendar errors empty': False}

======================================================================
FAIL: test_moex_options_expiry_monitor__equivalent_west__Europe_Moscow (test_calendar_real_graders.RealCalendarGraders.test_moex_options_expiry_monitor__equivalent_west__Europe_Moscow)
----------------------------------------------------------------------
Traceback (most recent call last):
  File "/private/tmp/cowork-upstream-timezone/tests/regression/test_calendar_real_graders.py", line 180, in test
    self.run_variant(case, variant, session_zone)
  File "/private/tmp/cowork-upstream-timezone/tests/regression/test_calendar_real_graders.py", line 150, in run_variant
    self.assertEqual(all(selected.values()), expected, selected)
AssertionError: False != True : {'calendar errors empty': False}

======================================================================
FAIL: test_moex_options_expiry_monitor__same_clock_moscow__Europe_Moscow (test_calendar_real_graders.RealCalendarGraders.test_moex_options_expiry_monitor__same_clock_moscow__Europe_Moscow)
----------------------------------------------------------------------
Traceback (most recent call last):
  File "/private/tmp/cowork-upstream-timezone/tests/regression/test_calendar_real_graders.py", line 180, in test
    self.run_variant(case, variant, session_zone)
  File "/private/tmp/cowork-upstream-timezone/tests/regression/test_calendar_real_graders.py", line 150, in run_variant
    self.assertEqual(all(selected.values()), expected, selected)
AssertionError: True != False : {'calendar errors empty': True}

======================================================================
FAIL: test_moex_options_expiry_monitor__utc__America_New_York (test_calendar_real_graders.RealCalendarGraders.test_moex_options_expiry_monitor__utc__America_New_York)
----------------------------------------------------------------------
Traceback (most recent call last):
  File "/private/tmp/cowork-upstream-timezone/tests/regression/test_calendar_real_graders.py", line 180, in test
    self.run_variant(case, variant, session_zone)
  File "/private/tmp/cowork-upstream-timezone/tests/regression/test_calendar_real_graders.py", line 150, in run_variant
    self.assertEqual(all(selected.values()), expected, selected)
AssertionError: False != True : {'calendar errors empty': False}

======================================================================
FAIL: test_moex_options_expiry_monitor__utc__Europe_Moscow (test_calendar_real_graders.RealCalendarGraders.test_moex_options_expiry_monitor__utc__Europe_Moscow)
----------------------------------------------------------------------
Traceback (most recent call last):
  File "/private/tmp/cowork-upstream-timezone/tests/regression/test_calendar_real_graders.py", line 180, in test
    self.run_variant(case, variant, session_zone)
  File "/private/tmp/cowork-upstream-timezone/tests/regression/test_calendar_real_graders.py", line 150, in run_variant
    self.assertEqual(all(selected.values()), expected, selected)
AssertionError: False != True : {'calendar errors empty': False}

======================================================================
FAIL: test_moex_portfolio_ppt_gcal__archived_moscow__Europe_Moscow (test_calendar_real_graders.RealCalendarGraders.test_moex_portfolio_ppt_gcal__archived_moscow__Europe_Moscow)
----------------------------------------------------------------------
Traceback (most recent call last):
  File "/private/tmp/cowork-upstream-timezone/tests/regression/test_calendar_real_graders.py", line 180, in test
    self.run_variant(case, variant, session_zone)
  File "/private/tmp/cowork-upstream-timezone/tests/regression/test_calendar_real_graders.py", line 150, in run_variant
    self.assertEqual(all(selected.values()), expected, selected)
AssertionError: True != False : {"Календарь: событие совещания 2026-06-15 14:00-15:00, локация 'Переговорная комната А'": True}

======================================================================
FAIL: test_moex_portfolio_ppt_gcal__equivalent_east__America_New_York (test_calendar_real_graders.RealCalendarGraders.test_moex_portfolio_ppt_gcal__equivalent_east__America_New_York)
----------------------------------------------------------------------
Traceback (most recent call last):
  File "/private/tmp/cowork-upstream-timezone/tests/regression/test_calendar_real_graders.py", line 180, in test
    self.run_variant(case, variant, session_zone)
  File "/private/tmp/cowork-upstream-timezone/tests/regression/test_calendar_real_graders.py", line 150, in run_variant
    self.assertEqual(all(selected.values()), expected, selected)
AssertionError: False != True : {"Календарь: событие совещания 2026-06-15 14:00-15:00, локация 'Переговорная комната А'": False}

======================================================================
FAIL: test_moex_portfolio_ppt_gcal__equivalent_east__Europe_Moscow (test_calendar_real_graders.RealCalendarGraders.test_moex_portfolio_ppt_gcal__equivalent_east__Europe_Moscow)
----------------------------------------------------------------------
Traceback (most recent call last):
  File "/private/tmp/cowork-upstream-timezone/tests/regression/test_calendar_real_graders.py", line 180, in test
    self.run_variant(case, variant, session_zone)
  File "/private/tmp/cowork-upstream-timezone/tests/regression/test_calendar_real_graders.py", line 150, in run_variant
    self.assertEqual(all(selected.values()), expected, selected)
AssertionError: False != True : {"Календарь: событие совещания 2026-06-15 14:00-15:00, локация 'Переговорная комната А'": False}

======================================================================
FAIL: test_moex_portfolio_ppt_gcal__equivalent_moscow__America_New_York (test_calendar_real_graders.RealCalendarGraders.test_moex_portfolio_ppt_gcal__equivalent_moscow__America_New_York)
----------------------------------------------------------------------
Traceback (most recent call last):
  File "/private/tmp/cowork-upstream-timezone/tests/regression/test_calendar_real_graders.py", line 180, in test
    self.run_variant(case, variant, session_zone)
  File "/private/tmp/cowork-upstream-timezone/tests/regression/test_calendar_real_graders.py", line 150, in run_variant
    self.assertEqual(all(selected.values()), expected, selected)
AssertionError: False != True : {"Календарь: событие совещания 2026-06-15 14:00-15:00, локация 'Переговорная комната А'": False}

======================================================================
FAIL: test_moex_portfolio_ppt_gcal__equivalent_moscow__Europe_Moscow (test_calendar_real_graders.RealCalendarGraders.test_moex_portfolio_ppt_gcal__equivalent_moscow__Europe_Moscow)
----------------------------------------------------------------------
Traceback (most recent call last):
  File "/private/tmp/cowork-upstream-timezone/tests/regression/test_calendar_real_graders.py", line 180, in test
    self.run_variant(case, variant, session_zone)
  File "/private/tmp/cowork-upstream-timezone/tests/regression/test_calendar_real_graders.py", line 150, in run_variant
    self.assertEqual(all(selected.values()), expected, selected)
AssertionError: False != True : {"Календарь: событие совещания 2026-06-15 14:00-15:00, локация 'Переговорная комната А'": False}

======================================================================
FAIL: test_moex_portfolio_ppt_gcal__equivalent_west__America_New_York (test_calendar_real_graders.RealCalendarGraders.test_moex_portfolio_ppt_gcal__equivalent_west__America_New_York)
----------------------------------------------------------------------
Traceback (most recent call last):
  File "/private/tmp/cowork-upstream-timezone/tests/regression/test_calendar_real_graders.py", line 180, in test
    self.run_variant(case, variant, session_zone)
  File "/private/tmp/cowork-upstream-timezone/tests/regression/test_calendar_real_graders.py", line 150, in run_variant
    self.assertEqual(all(selected.values()), expected, selected)
AssertionError: False != True : {"Календарь: событие совещания 2026-06-15 14:00-15:00, локация 'Переговорная комната А'": False}

======================================================================
FAIL: test_moex_portfolio_ppt_gcal__equivalent_west__Europe_Moscow (test_calendar_real_graders.RealCalendarGraders.test_moex_portfolio_ppt_gcal__equivalent_west__Europe_Moscow)
----------------------------------------------------------------------
Traceback (most recent call last):
  File "/private/tmp/cowork-upstream-timezone/tests/regression/test_calendar_real_graders.py", line 180, in test
    self.run_variant(case, variant, session_zone)
  File "/private/tmp/cowork-upstream-timezone/tests/regression/test_calendar_real_graders.py", line 150, in run_variant
    self.assertEqual(all(selected.values()), expected, selected)
AssertionError: False != True : {"Календарь: событие совещания 2026-06-15 14:00-15:00, локация 'Переговорная комната А'": False}

======================================================================
FAIL: test_moex_portfolio_ppt_gcal__same_clock_moscow__Europe_Moscow (test_calendar_real_graders.RealCalendarGraders.test_moex_portfolio_ppt_gcal__same_clock_moscow__Europe_Moscow)
----------------------------------------------------------------------
Traceback (most recent call last):
  File "/private/tmp/cowork-upstream-timezone/tests/regression/test_calendar_real_graders.py", line 180, in test
    self.run_variant(case, variant, session_zone)
  File "/private/tmp/cowork-upstream-timezone/tests/regression/test_calendar_real_graders.py", line 150, in run_variant
    self.assertEqual(all(selected.values()), expected, selected)
AssertionError: True != False : {"Календарь: событие совещания 2026-06-15 14:00-15:00, локация 'Переговорная комната А'": True}

======================================================================
FAIL: test_moex_portfolio_ppt_gcal__utc__America_New_York (test_calendar_real_graders.RealCalendarGraders.test_moex_portfolio_ppt_gcal__utc__America_New_York)
----------------------------------------------------------------------
Traceback (most recent call last):
  File "/private/tmp/cowork-upstream-timezone/tests/regression/test_calendar_real_graders.py", line 180, in test
    self.run_variant(case, variant, session_zone)
  File "/private/tmp/cowork-upstream-timezone/tests/regression/test_calendar_real_graders.py", line 150, in run_variant
    self.assertEqual(all(selected.values()), expected, selected)
AssertionError: False != True : {"Календарь: событие совещания 2026-06-15 14:00-15:00, локация 'Переговорная комната А'": False}

======================================================================
FAIL: test_moex_portfolio_ppt_gcal__utc__Europe_Moscow (test_calendar_real_graders.RealCalendarGraders.test_moex_portfolio_ppt_gcal__utc__Europe_Moscow)
----------------------------------------------------------------------
Traceback (most recent call last):
  File "/private/tmp/cowork-upstream-timezone/tests/regression/test_calendar_real_graders.py", line 180, in test
    self.run_variant(case, variant, session_zone)
  File "/private/tmp/cowork-upstream-timezone/tests/regression/test_calendar_real_graders.py", line 150, in run_variant
    self.assertEqual(all(selected.values()), expected, selected)
AssertionError: False != True : {"Календарь: событие совещания 2026-06-15 14:00-15:00, локация 'Переговорная комната А'": False}

======================================================================
FAIL: test_scholarly_reading_group_gcal_gsheet_word__equivalent_east__Pacific_Kiritimati (test_calendar_real_graders.RealCalendarGraders.test_scholarly_reading_group_gcal_gsheet_word__equivalent_east__Pacific_Kiritimati)
----------------------------------------------------------------------
Traceback (most recent call last):
  File "/private/tmp/cowork-upstream-timezone/tests/regression/test_calendar_real_graders.py", line 180, in test
    self.run_variant(case, variant, session_zone)
  File "/private/tmp/cowork-upstream-timezone/tests/regression/test_calendar_real_graders.py", line 150, in run_variant
    self.assertEqual(all(selected.values()), expected, selected)
AssertionError: False != True : {'GCal has at least 3 Reading Group events': True, 'GCal: событие 16 марта 2026': False, 'GCal: событие 23 марта 2026': False, 'GCal: событие 30 марта 2026': False, 'GCal: события запланированы на 15:00 (UTC)': True}

======================================================================
FAIL: test_scholarly_reading_group_gcal_gsheet_word__equivalent_moscow__Pacific_Kiritimati (test_calendar_real_graders.RealCalendarGraders.test_scholarly_reading_group_gcal_gsheet_word__equivalent_moscow__Pacific_Kiritimati)
----------------------------------------------------------------------
Traceback (most recent call last):
  File "/private/tmp/cowork-upstream-timezone/tests/regression/test_calendar_real_graders.py", line 180, in test
    self.run_variant(case, variant, session_zone)
  File "/private/tmp/cowork-upstream-timezone/tests/regression/test_calendar_real_graders.py", line 150, in run_variant
    self.assertEqual(all(selected.values()), expected, selected)
AssertionError: False != True : {'GCal has at least 3 Reading Group events': True, 'GCal: событие 16 марта 2026': False, 'GCal: событие 23 марта 2026': False, 'GCal: событие 30 марта 2026': False, 'GCal: события запланированы на 15:00 (UTC)': True}

======================================================================
FAIL: test_scholarly_reading_group_gcal_gsheet_word__equivalent_west__Pacific_Kiritimati (test_calendar_real_graders.RealCalendarGraders.test_scholarly_reading_group_gcal_gsheet_word__equivalent_west__Pacific_Kiritimati)
----------------------------------------------------------------------
Traceback (most recent call last):
  File "/private/tmp/cowork-upstream-timezone/tests/regression/test_calendar_real_graders.py", line 180, in test
    self.run_variant(case, variant, session_zone)
  File "/private/tmp/cowork-upstream-timezone/tests/regression/test_calendar_real_graders.py", line 150, in run_variant
    self.assertEqual(all(selected.values()), expected, selected)
AssertionError: False != True : {'GCal has at least 3 Reading Group events': True, 'GCal: событие 16 марта 2026': False, 'GCal: событие 23 марта 2026': False, 'GCal: событие 30 марта 2026': False, 'GCal: события запланированы на 15:00 (UTC)': True}

======================================================================
FAIL: test_scholarly_reading_group_gcal_gsheet_word__utc__Pacific_Kiritimati (test_calendar_real_graders.RealCalendarGraders.test_scholarly_reading_group_gcal_gsheet_word__utc__Pacific_Kiritimati)
----------------------------------------------------------------------
Traceback (most recent call last):
  File "/private/tmp/cowork-upstream-timezone/tests/regression/test_calendar_real_graders.py", line 180, in test
    self.run_variant(case, variant, session_zone)
  File "/private/tmp/cowork-upstream-timezone/tests/regression/test_calendar_real_graders.py", line 150, in run_variant
    self.assertEqual(all(selected.values()), expected, selected)
AssertionError: False != True : {'GCal has at least 3 Reading Group events': True, 'GCal: событие 16 марта 2026': False, 'GCal: событие 23 марта 2026': False, 'GCal: событие 30 марта 2026': False, 'GCal: события запланированы на 15:00 (UTC)': True}

======================================================================
FAIL: test_sf_sales_quarterly_review_gcal__equivalent_east__America_New_York (test_calendar_real_graders.RealCalendarGraders.test_sf_sales_quarterly_review_gcal__equivalent_east__America_New_York)
----------------------------------------------------------------------
Traceback (most recent call last):
  File "/private/tmp/cowork-upstream-timezone/tests/regression/test_calendar_real_graders.py", line 180, in test
    self.run_variant(case, variant, session_zone)
  File "/private/tmp/cowork-upstream-timezone/tests/regression/test_calendar_real_graders.py", line 150, in run_variant
    self.assertEqual(all(selected.values()), expected, selected)
AssertionError: False != True : {'calendar errors empty': False, 'GCal: four planning meetings on 2026-04-01/07-01/10-01 & 2027-01-04 at 10:00 lasting 2h': False}

======================================================================
FAIL: test_sf_sales_quarterly_review_gcal__equivalent_east__Europe_Moscow (test_calendar_real_graders.RealCalendarGraders.test_sf_sales_quarterly_review_gcal__equivalent_east__Europe_Moscow)
----------------------------------------------------------------------
Traceback (most recent call last):
  File "/private/tmp/cowork-upstream-timezone/tests/regression/test_calendar_real_graders.py", line 180, in test
    self.run_variant(case, variant, session_zone)
  File "/private/tmp/cowork-upstream-timezone/tests/regression/test_calendar_real_graders.py", line 150, in run_variant
    self.assertEqual(all(selected.values()), expected, selected)
AssertionError: False != True : {'calendar errors empty': False, 'GCal: four planning meetings on 2026-04-01/07-01/10-01 & 2027-01-04 at 10:00 lasting 2h': False}

======================================================================
FAIL: test_sf_sales_quarterly_review_gcal__equivalent_moscow__America_New_York (test_calendar_real_graders.RealCalendarGraders.test_sf_sales_quarterly_review_gcal__equivalent_moscow__America_New_York)
----------------------------------------------------------------------
Traceback (most recent call last):
  File "/private/tmp/cowork-upstream-timezone/tests/regression/test_calendar_real_graders.py", line 180, in test
    self.run_variant(case, variant, session_zone)
  File "/private/tmp/cowork-upstream-timezone/tests/regression/test_calendar_real_graders.py", line 150, in run_variant
    self.assertEqual(all(selected.values()), expected, selected)
AssertionError: False != True : {'calendar errors empty': False, 'GCal: four planning meetings on 2026-04-01/07-01/10-01 & 2027-01-04 at 10:00 lasting 2h': False}

======================================================================
FAIL: test_sf_sales_quarterly_review_gcal__equivalent_moscow__Europe_Moscow (test_calendar_real_graders.RealCalendarGraders.test_sf_sales_quarterly_review_gcal__equivalent_moscow__Europe_Moscow)
----------------------------------------------------------------------
Traceback (most recent call last):
  File "/private/tmp/cowork-upstream-timezone/tests/regression/test_calendar_real_graders.py", line 180, in test
    self.run_variant(case, variant, session_zone)
  File "/private/tmp/cowork-upstream-timezone/tests/regression/test_calendar_real_graders.py", line 150, in run_variant
    self.assertEqual(all(selected.values()), expected, selected)
AssertionError: False != True : {'calendar errors empty': False, 'GCal: four planning meetings on 2026-04-01/07-01/10-01 & 2027-01-04 at 10:00 lasting 2h': False}

======================================================================
FAIL: test_sf_sales_quarterly_review_gcal__equivalent_west__America_New_York (test_calendar_real_graders.RealCalendarGraders.test_sf_sales_quarterly_review_gcal__equivalent_west__America_New_York)
----------------------------------------------------------------------
Traceback (most recent call last):
  File "/private/tmp/cowork-upstream-timezone/tests/regression/test_calendar_real_graders.py", line 180, in test
    self.run_variant(case, variant, session_zone)
  File "/private/tmp/cowork-upstream-timezone/tests/regression/test_calendar_real_graders.py", line 150, in run_variant
    self.assertEqual(all(selected.values()), expected, selected)
AssertionError: False != True : {'calendar errors empty': False, 'GCal: four planning meetings on 2026-04-01/07-01/10-01 & 2027-01-04 at 10:00 lasting 2h': False}

======================================================================
FAIL: test_sf_sales_quarterly_review_gcal__equivalent_west__Europe_Moscow (test_calendar_real_graders.RealCalendarGraders.test_sf_sales_quarterly_review_gcal__equivalent_west__Europe_Moscow)
----------------------------------------------------------------------
Traceback (most recent call last):
  File "/private/tmp/cowork-upstream-timezone/tests/regression/test_calendar_real_graders.py", line 180, in test
    self.run_variant(case, variant, session_zone)
  File "/private/tmp/cowork-upstream-timezone/tests/regression/test_calendar_real_graders.py", line 150, in run_variant
    self.assertEqual(all(selected.values()), expected, selected)
AssertionError: False != True : {'calendar errors empty': False, 'GCal: four planning meetings on 2026-04-01/07-01/10-01 & 2027-01-04 at 10:00 lasting 2h': False}

======================================================================
FAIL: test_sf_sales_quarterly_review_gcal__same_clock_moscow__Europe_Moscow (test_calendar_real_graders.RealCalendarGraders.test_sf_sales_quarterly_review_gcal__same_clock_moscow__Europe_Moscow)
----------------------------------------------------------------------
Traceback (most recent call last):
  File "/private/tmp/cowork-upstream-timezone/tests/regression/test_calendar_real_graders.py", line 180, in test
    self.run_variant(case, variant, session_zone)
  File "/private/tmp/cowork-upstream-timezone/tests/regression/test_calendar_real_graders.py", line 150, in run_variant
    self.assertEqual(all(selected.values()), expected, selected)
AssertionError: True != False : {'calendar errors empty': True, 'GCal: four planning meetings on 2026-04-01/07-01/10-01 & 2027-01-04 at 10:00 lasting 2h': True}

======================================================================
FAIL: test_sf_sales_quarterly_review_gcal__utc__America_New_York (test_calendar_real_graders.RealCalendarGraders.test_sf_sales_quarterly_review_gcal__utc__America_New_York)
----------------------------------------------------------------------
Traceback (most recent call last):
  File "/private/tmp/cowork-upstream-timezone/tests/regression/test_calendar_real_graders.py", line 180, in test
    self.run_variant(case, variant, session_zone)
  File "/private/tmp/cowork-upstream-timezone/tests/regression/test_calendar_real_graders.py", line 150, in run_variant
    self.assertEqual(all(selected.values()), expected, selected)
AssertionError: False != True : {'calendar errors empty': False, 'GCal: four planning meetings on 2026-04-01/07-01/10-01 & 2027-01-04 at 10:00 lasting 2h': False}

======================================================================
FAIL: test_sf_sales_quarterly_review_gcal__utc__Europe_Moscow (test_calendar_real_graders.RealCalendarGraders.test_sf_sales_quarterly_review_gcal__utc__Europe_Moscow)
----------------------------------------------------------------------
Traceback (most recent call last):
  File "/private/tmp/cowork-upstream-timezone/tests/regression/test_calendar_real_graders.py", line 180, in test
    self.run_variant(case, variant, session_zone)
  File "/private/tmp/cowork-upstream-timezone/tests/regression/test_calendar_real_graders.py", line 150, in run_variant
    self.assertEqual(all(selected.values()), expected, selected)
AssertionError: False != True : {'calendar errors empty': False, 'GCal: four planning meetings on 2026-04-01/07-01/10-01 & 2027-01-04 at 10:00 lasting 2h': False}

======================================================================
FAIL: test_sf_support_priority_gcal_excel__equivalent_east__America_New_York (test_calendar_real_graders.RealCalendarGraders.test_sf_support_priority_gcal_excel__equivalent_east__America_New_York)
----------------------------------------------------------------------
Traceback (most recent call last):
  File "/private/tmp/cowork-upstream-timezone/tests/regression/test_calendar_real_graders.py", line 180, in test
    self.run_variant(case, variant, session_zone)
  File "/private/tmp/cowork-upstream-timezone/tests/regression/test_calendar_real_graders.py", line 150, in run_variant
    self.assertEqual(all(selected.values()), expected, selected)
AssertionError: False != True : {'calendar errors empty': False}

======================================================================
FAIL: test_sf_support_priority_gcal_excel__equivalent_east__Europe_Moscow (test_calendar_real_graders.RealCalendarGraders.test_sf_support_priority_gcal_excel__equivalent_east__Europe_Moscow)
----------------------------------------------------------------------
Traceback (most recent call last):
  File "/private/tmp/cowork-upstream-timezone/tests/regression/test_calendar_real_graders.py", line 180, in test
    self.run_variant(case, variant, session_zone)
  File "/private/tmp/cowork-upstream-timezone/tests/regression/test_calendar_real_graders.py", line 150, in run_variant
    self.assertEqual(all(selected.values()), expected, selected)
AssertionError: False != True : {'calendar errors empty': False}

======================================================================
FAIL: test_sf_support_priority_gcal_excel__equivalent_moscow__America_New_York (test_calendar_real_graders.RealCalendarGraders.test_sf_support_priority_gcal_excel__equivalent_moscow__America_New_York)
----------------------------------------------------------------------
Traceback (most recent call last):
  File "/private/tmp/cowork-upstream-timezone/tests/regression/test_calendar_real_graders.py", line 180, in test
    self.run_variant(case, variant, session_zone)
  File "/private/tmp/cowork-upstream-timezone/tests/regression/test_calendar_real_graders.py", line 150, in run_variant
    self.assertEqual(all(selected.values()), expected, selected)
AssertionError: False != True : {'calendar errors empty': False}

======================================================================
FAIL: test_sf_support_priority_gcal_excel__equivalent_moscow__Europe_Moscow (test_calendar_real_graders.RealCalendarGraders.test_sf_support_priority_gcal_excel__equivalent_moscow__Europe_Moscow)
----------------------------------------------------------------------
Traceback (most recent call last):
  File "/private/tmp/cowork-upstream-timezone/tests/regression/test_calendar_real_graders.py", line 180, in test
    self.run_variant(case, variant, session_zone)
  File "/private/tmp/cowork-upstream-timezone/tests/regression/test_calendar_real_graders.py", line 150, in run_variant
    self.assertEqual(all(selected.values()), expected, selected)
AssertionError: False != True : {'calendar errors empty': False}

======================================================================
FAIL: test_sf_support_priority_gcal_excel__equivalent_west__America_New_York (test_calendar_real_graders.RealCalendarGraders.test_sf_support_priority_gcal_excel__equivalent_west__America_New_York)
----------------------------------------------------------------------
Traceback (most recent call last):
  File "/private/tmp/cowork-upstream-timezone/tests/regression/test_calendar_real_graders.py", line 180, in test
    self.run_variant(case, variant, session_zone)
  File "/private/tmp/cowork-upstream-timezone/tests/regression/test_calendar_real_graders.py", line 150, in run_variant
    self.assertEqual(all(selected.values()), expected, selected)
AssertionError: False != True : {'calendar errors empty': False}

======================================================================
FAIL: test_sf_support_priority_gcal_excel__equivalent_west__Europe_Moscow (test_calendar_real_graders.RealCalendarGraders.test_sf_support_priority_gcal_excel__equivalent_west__Europe_Moscow)
----------------------------------------------------------------------
Traceback (most recent call last):
  File "/private/tmp/cowork-upstream-timezone/tests/regression/test_calendar_real_graders.py", line 180, in test
    self.run_variant(case, variant, session_zone)
  File "/private/tmp/cowork-upstream-timezone/tests/regression/test_calendar_real_graders.py", line 150, in run_variant
    self.assertEqual(all(selected.values()), expected, selected)
AssertionError: False != True : {'calendar errors empty': False}

======================================================================
FAIL: test_sf_support_priority_gcal_excel__same_clock_moscow__Europe_Moscow (test_calendar_real_graders.RealCalendarGraders.test_sf_support_priority_gcal_excel__same_clock_moscow__Europe_Moscow)
----------------------------------------------------------------------
Traceback (most recent call last):
  File "/private/tmp/cowork-upstream-timezone/tests/regression/test_calendar_real_graders.py", line 180, in test
    self.run_variant(case, variant, session_zone)
  File "/private/tmp/cowork-upstream-timezone/tests/regression/test_calendar_real_graders.py", line 150, in run_variant
    self.assertEqual(all(selected.values()), expected, selected)
AssertionError: True != False : {'calendar errors empty': True}

======================================================================
FAIL: test_sf_support_priority_gcal_excel__utc__America_New_York (test_calendar_real_graders.RealCalendarGraders.test_sf_support_priority_gcal_excel__utc__America_New_York)
----------------------------------------------------------------------
Traceback (most recent call last):
  File "/private/tmp/cowork-upstream-timezone/tests/regression/test_calendar_real_graders.py", line 180, in test
    self.run_variant(case, variant, session_zone)
  File "/private/tmp/cowork-upstream-timezone/tests/regression/test_calendar_real_graders.py", line 150, in run_variant
    self.assertEqual(all(selected.values()), expected, selected)
AssertionError: False != True : {'calendar errors empty': False}

======================================================================
FAIL: test_sf_support_priority_gcal_excel__utc__Europe_Moscow (test_calendar_real_graders.RealCalendarGraders.test_sf_support_priority_gcal_excel__utc__Europe_Moscow)
----------------------------------------------------------------------
Traceback (most recent call last):
  File "/private/tmp/cowork-upstream-timezone/tests/regression/test_calendar_real_graders.py", line 180, in test
    self.run_variant(case, variant, session_zone)
  File "/private/tmp/cowork-upstream-timezone/tests/regression/test_calendar_real_graders.py", line 150, in run_variant
    self.assertEqual(all(selected.values()), expected, selected)
AssertionError: False != True : {'calendar errors empty': False}

======================================================================
FAIL: test_sf_support_resolution_word_gcal__equivalent_east__America_New_York (test_calendar_real_graders.RealCalendarGraders.test_sf_support_resolution_word_gcal__equivalent_east__America_New_York)
----------------------------------------------------------------------
Traceback (most recent call last):
  File "/private/tmp/cowork-upstream-timezone/tests/regression/test_calendar_real_graders.py", line 180, in test
    self.run_variant(case, variant, session_zone)
  File "/private/tmp/cowork-upstream-timezone/tests/regression/test_calendar_real_graders.py", line 150, in run_variant
    self.assertEqual(all(selected.values()), expected, selected)
AssertionError: False != True : {'At least 1 calendar event created': True, 'Event title mentions resolution/review': True, 'Calendar event on 2026-03-12 from 14:00 to 15:00': False}

======================================================================
FAIL: test_sf_support_resolution_word_gcal__equivalent_east__Europe_Moscow (test_calendar_real_graders.RealCalendarGraders.test_sf_support_resolution_word_gcal__equivalent_east__Europe_Moscow)
----------------------------------------------------------------------
Traceback (most recent call last):
  File "/private/tmp/cowork-upstream-timezone/tests/regression/test_calendar_real_graders.py", line 180, in test
    self.run_variant(case, variant, session_zone)
  File "/private/tmp/cowork-upstream-timezone/tests/regression/test_calendar_real_graders.py", line 150, in run_variant
    self.assertEqual(all(selected.values()), expected, selected)
AssertionError: False != True : {'At least 1 calendar event created': True, 'Event title mentions resolution/review': True, 'Calendar event on 2026-03-12 from 14:00 to 15:00': False}

======================================================================
FAIL: test_sf_support_resolution_word_gcal__equivalent_moscow__America_New_York (test_calendar_real_graders.RealCalendarGraders.test_sf_support_resolution_word_gcal__equivalent_moscow__America_New_York)
----------------------------------------------------------------------
Traceback (most recent call last):
  File "/private/tmp/cowork-upstream-timezone/tests/regression/test_calendar_real_graders.py", line 180, in test
    self.run_variant(case, variant, session_zone)
  File "/private/tmp/cowork-upstream-timezone/tests/regression/test_calendar_real_graders.py", line 150, in run_variant
    self.assertEqual(all(selected.values()), expected, selected)
AssertionError: False != True : {'At least 1 calendar event created': True, 'Event title mentions resolution/review': True, 'Calendar event on 2026-03-12 from 14:00 to 15:00': False}

======================================================================
FAIL: test_sf_support_resolution_word_gcal__equivalent_moscow__Europe_Moscow (test_calendar_real_graders.RealCalendarGraders.test_sf_support_resolution_word_gcal__equivalent_moscow__Europe_Moscow)
----------------------------------------------------------------------
Traceback (most recent call last):
  File "/private/tmp/cowork-upstream-timezone/tests/regression/test_calendar_real_graders.py", line 180, in test
    self.run_variant(case, variant, session_zone)
  File "/private/tmp/cowork-upstream-timezone/tests/regression/test_calendar_real_graders.py", line 150, in run_variant
    self.assertEqual(all(selected.values()), expected, selected)
AssertionError: False != True : {'At least 1 calendar event created': True, 'Event title mentions resolution/review': True, 'Calendar event on 2026-03-12 from 14:00 to 15:00': False}

======================================================================
FAIL: test_sf_support_resolution_word_gcal__equivalent_west__America_New_York (test_calendar_real_graders.RealCalendarGraders.test_sf_support_resolution_word_gcal__equivalent_west__America_New_York)
----------------------------------------------------------------------
Traceback (most recent call last):
  File "/private/tmp/cowork-upstream-timezone/tests/regression/test_calendar_real_graders.py", line 180, in test
    self.run_variant(case, variant, session_zone)
  File "/private/tmp/cowork-upstream-timezone/tests/regression/test_calendar_real_graders.py", line 150, in run_variant
    self.assertEqual(all(selected.values()), expected, selected)
AssertionError: False != True : {'At least 1 calendar event created': True, 'Event title mentions resolution/review': True, 'Calendar event on 2026-03-12 from 14:00 to 15:00': False}

======================================================================
FAIL: test_sf_support_resolution_word_gcal__equivalent_west__Europe_Moscow (test_calendar_real_graders.RealCalendarGraders.test_sf_support_resolution_word_gcal__equivalent_west__Europe_Moscow)
----------------------------------------------------------------------
Traceback (most recent call last):
  File "/private/tmp/cowork-upstream-timezone/tests/regression/test_calendar_real_graders.py", line 180, in test
    self.run_variant(case, variant, session_zone)
  File "/private/tmp/cowork-upstream-timezone/tests/regression/test_calendar_real_graders.py", line 150, in run_variant
    self.assertEqual(all(selected.values()), expected, selected)
AssertionError: False != True : {'At least 1 calendar event created': True, 'Event title mentions resolution/review': True, 'Calendar event on 2026-03-12 from 14:00 to 15:00': False}

======================================================================
FAIL: test_sf_support_resolution_word_gcal__same_clock_moscow__Europe_Moscow (test_calendar_real_graders.RealCalendarGraders.test_sf_support_resolution_word_gcal__same_clock_moscow__Europe_Moscow)
----------------------------------------------------------------------
Traceback (most recent call last):
  File "/private/tmp/cowork-upstream-timezone/tests/regression/test_calendar_real_graders.py", line 180, in test
    self.run_variant(case, variant, session_zone)
  File "/private/tmp/cowork-upstream-timezone/tests/regression/test_calendar_real_graders.py", line 150, in run_variant
    self.assertEqual(all(selected.values()), expected, selected)
AssertionError: True != False : {'At least 1 calendar event created': True, 'Event title mentions resolution/review': True, 'Calendar event on 2026-03-12 from 14:00 to 15:00': True}

======================================================================
FAIL: test_sf_support_resolution_word_gcal__utc__America_New_York (test_calendar_real_graders.RealCalendarGraders.test_sf_support_resolution_word_gcal__utc__America_New_York)
----------------------------------------------------------------------
Traceback (most recent call last):
  File "/private/tmp/cowork-upstream-timezone/tests/regression/test_calendar_real_graders.py", line 180, in test
    self.run_variant(case, variant, session_zone)
  File "/private/tmp/cowork-upstream-timezone/tests/regression/test_calendar_real_graders.py", line 150, in run_variant
    self.assertEqual(all(selected.values()), expected, selected)
AssertionError: False != True : {'At least 1 calendar event created': True, 'Event title mentions resolution/review': True, 'Calendar event on 2026-03-12 from 14:00 to 15:00': False}

======================================================================
FAIL: test_sf_support_resolution_word_gcal__utc__Europe_Moscow (test_calendar_real_graders.RealCalendarGraders.test_sf_support_resolution_word_gcal__utc__Europe_Moscow)
----------------------------------------------------------------------
Traceback (most recent call last):
  File "/private/tmp/cowork-upstream-timezone/tests/regression/test_calendar_real_graders.py", line 180, in test
    self.run_variant(case, variant, session_zone)
  File "/private/tmp/cowork-upstream-timezone/tests/regression/test_calendar_real_graders.py", line 150, in run_variant
    self.assertEqual(all(selected.values()), expected, selected)
AssertionError: False != True : {'At least 1 calendar event created': True, 'Event title mentions resolution/review': True, 'Calendar event on 2026-03-12 from 14:00 to 15:00': False}

======================================================================
FAIL: test_teamly_forms_gcal_onboarding__equivalent_east__America_New_York (test_calendar_real_graders.RealCalendarGraders.test_teamly_forms_gcal_onboarding__equivalent_east__America_New_York)
----------------------------------------------------------------------
Traceback (most recent call last):
  File "/private/tmp/cowork-upstream-timezone/tests/regression/test_calendar_real_graders.py", line 180, in test
    self.run_variant(case, variant, session_zone)
  File "/private/tmp/cowork-upstream-timezone/tests/regression/test_calendar_real_graders.py", line 150, in run_variant
    self.assertEqual(all(selected.values()), expected, selected)
AssertionError: False != True : {'At least 2 calendar events created': True, 'Orientation Session event exists': True, 'Team Lunch event exists': True, 'Orientation on 2026-03-16 09:00-12:00': False, 'Team Lunch on 2026-03-16 12:00-13:00': False, 'CRITICAL: оба события (Orientation 9-12, Team Lunch 12-13) на 2026-03-16': False, 'CRITICAL: участники Orientation Session — все три почты новичков': True}

======================================================================
FAIL: test_teamly_forms_gcal_onboarding__equivalent_east__Europe_Moscow (test_calendar_real_graders.RealCalendarGraders.test_teamly_forms_gcal_onboarding__equivalent_east__Europe_Moscow)
----------------------------------------------------------------------
Traceback (most recent call last):
  File "/private/tmp/cowork-upstream-timezone/tests/regression/test_calendar_real_graders.py", line 180, in test
    self.run_variant(case, variant, session_zone)
  File "/private/tmp/cowork-upstream-timezone/tests/regression/test_calendar_real_graders.py", line 150, in run_variant
    self.assertEqual(all(selected.values()), expected, selected)
AssertionError: False != True : {'At least 2 calendar events created': True, 'Orientation Session event exists': True, 'Team Lunch event exists': True, 'Orientation on 2026-03-16 09:00-12:00': False, 'Team Lunch on 2026-03-16 12:00-13:00': False, 'CRITICAL: оба события (Orientation 9-12, Team Lunch 12-13) на 2026-03-16': False, 'CRITICAL: участники Orientation Session — все три почты новичков': True}

======================================================================
FAIL: test_teamly_forms_gcal_onboarding__equivalent_moscow__America_New_York (test_calendar_real_graders.RealCalendarGraders.test_teamly_forms_gcal_onboarding__equivalent_moscow__America_New_York)
----------------------------------------------------------------------
Traceback (most recent call last):
  File "/private/tmp/cowork-upstream-timezone/tests/regression/test_calendar_real_graders.py", line 180, in test
    self.run_variant(case, variant, session_zone)
  File "/private/tmp/cowork-upstream-timezone/tests/regression/test_calendar_real_graders.py", line 150, in run_variant
    self.assertEqual(all(selected.values()), expected, selected)
AssertionError: False != True : {'At least 2 calendar events created': True, 'Orientation Session event exists': True, 'Team Lunch event exists': True, 'Orientation on 2026-03-16 09:00-12:00': False, 'Team Lunch on 2026-03-16 12:00-13:00': False, 'CRITICAL: оба события (Orientation 9-12, Team Lunch 12-13) на 2026-03-16': False, 'CRITICAL: участники Orientation Session — все три почты новичков': True}

======================================================================
FAIL: test_teamly_forms_gcal_onboarding__equivalent_moscow__Europe_Moscow (test_calendar_real_graders.RealCalendarGraders.test_teamly_forms_gcal_onboarding__equivalent_moscow__Europe_Moscow)
----------------------------------------------------------------------
Traceback (most recent call last):
  File "/private/tmp/cowork-upstream-timezone/tests/regression/test_calendar_real_graders.py", line 180, in test
    self.run_variant(case, variant, session_zone)
  File "/private/tmp/cowork-upstream-timezone/tests/regression/test_calendar_real_graders.py", line 150, in run_variant
    self.assertEqual(all(selected.values()), expected, selected)
AssertionError: False != True : {'At least 2 calendar events created': True, 'Orientation Session event exists': True, 'Team Lunch event exists': True, 'Orientation on 2026-03-16 09:00-12:00': False, 'Team Lunch on 2026-03-16 12:00-13:00': False, 'CRITICAL: оба события (Orientation 9-12, Team Lunch 12-13) на 2026-03-16': False, 'CRITICAL: участники Orientation Session — все три почты новичков': True}

======================================================================
FAIL: test_teamly_forms_gcal_onboarding__equivalent_west__America_New_York (test_calendar_real_graders.RealCalendarGraders.test_teamly_forms_gcal_onboarding__equivalent_west__America_New_York)
----------------------------------------------------------------------
Traceback (most recent call last):
  File "/private/tmp/cowork-upstream-timezone/tests/regression/test_calendar_real_graders.py", line 180, in test
    self.run_variant(case, variant, session_zone)
  File "/private/tmp/cowork-upstream-timezone/tests/regression/test_calendar_real_graders.py", line 150, in run_variant
    self.assertEqual(all(selected.values()), expected, selected)
AssertionError: False != True : {'At least 2 calendar events created': True, 'Orientation Session event exists': True, 'Team Lunch event exists': True, 'Orientation on 2026-03-16 09:00-12:00': False, 'Team Lunch on 2026-03-16 12:00-13:00': False, 'CRITICAL: оба события (Orientation 9-12, Team Lunch 12-13) на 2026-03-16': False, 'CRITICAL: участники Orientation Session — все три почты новичков': True}

======================================================================
FAIL: test_teamly_forms_gcal_onboarding__equivalent_west__Europe_Moscow (test_calendar_real_graders.RealCalendarGraders.test_teamly_forms_gcal_onboarding__equivalent_west__Europe_Moscow)
----------------------------------------------------------------------
Traceback (most recent call last):
  File "/private/tmp/cowork-upstream-timezone/tests/regression/test_calendar_real_graders.py", line 180, in test
    self.run_variant(case, variant, session_zone)
  File "/private/tmp/cowork-upstream-timezone/tests/regression/test_calendar_real_graders.py", line 150, in run_variant
    self.assertEqual(all(selected.values()), expected, selected)
AssertionError: False != True : {'At least 2 calendar events created': True, 'Orientation Session event exists': True, 'Team Lunch event exists': True, 'Orientation on 2026-03-16 09:00-12:00': False, 'Team Lunch on 2026-03-16 12:00-13:00': False, 'CRITICAL: оба события (Orientation 9-12, Team Lunch 12-13) на 2026-03-16': False, 'CRITICAL: участники Orientation Session — все три почты новичков': True}

======================================================================
FAIL: test_teamly_forms_gcal_onboarding__same_clock_moscow__Europe_Moscow (test_calendar_real_graders.RealCalendarGraders.test_teamly_forms_gcal_onboarding__same_clock_moscow__Europe_Moscow)
----------------------------------------------------------------------
Traceback (most recent call last):
  File "/private/tmp/cowork-upstream-timezone/tests/regression/test_calendar_real_graders.py", line 180, in test
    self.run_variant(case, variant, session_zone)
  File "/private/tmp/cowork-upstream-timezone/tests/regression/test_calendar_real_graders.py", line 150, in run_variant
    self.assertEqual(all(selected.values()), expected, selected)
AssertionError: True != False : {'At least 2 calendar events created': True, 'Orientation Session event exists': True, 'Team Lunch event exists': True, 'Orientation on 2026-03-16 09:00-12:00': True, 'Team Lunch on 2026-03-16 12:00-13:00': True, 'CRITICAL: оба события (Orientation 9-12, Team Lunch 12-13) на 2026-03-16': True, 'CRITICAL: участники Orientation Session — все три почты новичков': True}

======================================================================
FAIL: test_teamly_forms_gcal_onboarding__utc__America_New_York (test_calendar_real_graders.RealCalendarGraders.test_teamly_forms_gcal_onboarding__utc__America_New_York)
----------------------------------------------------------------------
Traceback (most recent call last):
  File "/private/tmp/cowork-upstream-timezone/tests/regression/test_calendar_real_graders.py", line 180, in test
    self.run_variant(case, variant, session_zone)
  File "/private/tmp/cowork-upstream-timezone/tests/regression/test_calendar_real_graders.py", line 150, in run_variant
    self.assertEqual(all(selected.values()), expected, selected)
AssertionError: False != True : {'At least 2 calendar events created': True, 'Orientation Session event exists': True, 'Team Lunch event exists': True, 'Orientation on 2026-03-16 09:00-12:00': False, 'Team Lunch on 2026-03-16 12:00-13:00': False, 'CRITICAL: оба события (Orientation 9-12, Team Lunch 12-13) на 2026-03-16': False, 'CRITICAL: участники Orientation Session — все три почты новичков': True}

======================================================================
FAIL: test_teamly_forms_gcal_onboarding__utc__Europe_Moscow (test_calendar_real_graders.RealCalendarGraders.test_teamly_forms_gcal_onboarding__utc__Europe_Moscow)
----------------------------------------------------------------------
Traceback (most recent call last):
  File "/private/tmp/cowork-upstream-timezone/tests/regression/test_calendar_real_graders.py", line 180, in test
    self.run_variant(case, variant, session_zone)
  File "/private/tmp/cowork-upstream-timezone/tests/regression/test_calendar_real_graders.py", line 150, in run_variant
    self.assertEqual(all(selected.values()), expected, selected)
AssertionError: False != True : {'At least 2 calendar events created': True, 'Orientation Session event exists': True, 'Team Lunch event exists': True, 'Orientation on 2026-03-16 09:00-12:00': False, 'Team Lunch on 2026-03-16 12:00-13:00': False, 'CRITICAL: оба события (Orientation 9-12, Team Lunch 12-13) на 2026-03-16': False, 'CRITICAL: участники Orientation Session — все три почты новичков': True}

======================================================================
FAIL: test_terminal_arxiv_canvas_gsheet_word_gcal__allowed_date_earlier__America_New_York (test_calendar_real_graders.RealCalendarGraders.test_terminal_arxiv_canvas_gsheet_word_gcal__allowed_date_earlier__America_New_York)
----------------------------------------------------------------------
Traceback (most recent call last):
  File "/private/tmp/cowork-upstream-timezone/tests/regression/test_calendar_real_graders.py", line 180, in test
    self.run_variant(case, variant, session_zone)
  File "/private/tmp/cowork-upstream-timezone/tests/regression/test_calendar_real_graders.py", line 150, in run_variant
    self.assertEqual(all(selected.values()), expected, selected)
AssertionError: False != True : {"'Curriculum Review Meeting' event exists": True, 'Review meeting has description': True, 'Review meeting scheduled ~+14d at 10:00': False, "'Faculty Workshop on New Topics' event exists": True, 'Workshop has description': True, 'Workshop scheduled ~+21d at 13:00': False, 'CRITICAL: Both gcal events exist with correct +14d/10:00 and +21d/13:00 scheduling': False}

======================================================================
FAIL: test_terminal_arxiv_canvas_gsheet_word_gcal__allowed_date_earlier__Europe_Moscow (test_calendar_real_graders.RealCalendarGraders.test_terminal_arxiv_canvas_gsheet_word_gcal__allowed_date_earlier__Europe_Moscow)
----------------------------------------------------------------------
Traceback (most recent call last):
  File "/private/tmp/cowork-upstream-timezone/tests/regression/test_calendar_real_graders.py", line 180, in test
    self.run_variant(case, variant, session_zone)
  File "/private/tmp/cowork-upstream-timezone/tests/regression/test_calendar_real_graders.py", line 150, in run_variant
    self.assertEqual(all(selected.values()), expected, selected)
AssertionError: False != True : {"'Curriculum Review Meeting' event exists": True, 'Review meeting has description': True, 'Review meeting scheduled ~+14d at 10:00': False, "'Faculty Workshop on New Topics' event exists": True, 'Workshop has description': True, 'Workshop scheduled ~+21d at 13:00': False, 'CRITICAL: Both gcal events exist with correct +14d/10:00 and +21d/13:00 scheduling': False}

======================================================================
FAIL: test_terminal_arxiv_canvas_gsheet_word_gcal__allowed_hour_earlier__America_New_York (test_calendar_real_graders.RealCalendarGraders.test_terminal_arxiv_canvas_gsheet_word_gcal__allowed_hour_earlier__America_New_York)
----------------------------------------------------------------------
Traceback (most recent call last):
  File "/private/tmp/cowork-upstream-timezone/tests/regression/test_calendar_real_graders.py", line 180, in test
    self.run_variant(case, variant, session_zone)
  File "/private/tmp/cowork-upstream-timezone/tests/regression/test_calendar_real_graders.py", line 150, in run_variant
    self.assertEqual(all(selected.values()), expected, selected)
AssertionError: False != True : {"'Curriculum Review Meeting' event exists": True, 'Review meeting has description': True, 'Review meeting scheduled ~+14d at 10:00': False, "'Faculty Workshop on New Topics' event exists": True, 'Workshop has description': True, 'Workshop scheduled ~+21d at 13:00': False, 'CRITICAL: Both gcal events exist with correct +14d/10:00 and +21d/13:00 scheduling': False}

======================================================================
FAIL: test_terminal_arxiv_canvas_gsheet_word_gcal__allowed_hour_earlier__Europe_Moscow (test_calendar_real_graders.RealCalendarGraders.test_terminal_arxiv_canvas_gsheet_word_gcal__allowed_hour_earlier__Europe_Moscow)
----------------------------------------------------------------------
Traceback (most recent call last):
  File "/private/tmp/cowork-upstream-timezone/tests/regression/test_calendar_real_graders.py", line 180, in test
    self.run_variant(case, variant, session_zone)
  File "/private/tmp/cowork-upstream-timezone/tests/regression/test_calendar_real_graders.py", line 150, in run_variant
    self.assertEqual(all(selected.values()), expected, selected)
AssertionError: False != True : {"'Curriculum Review Meeting' event exists": True, 'Review meeting has description': True, 'Review meeting scheduled ~+14d at 10:00': False, "'Faculty Workshop on New Topics' event exists": True, 'Workshop has description': True, 'Workshop scheduled ~+21d at 13:00': False, 'CRITICAL: Both gcal events exist with correct +14d/10:00 and +21d/13:00 scheduling': False}

======================================================================
FAIL: test_terminal_arxiv_canvas_gsheet_word_gcal__allowed_minute__America_New_York (test_calendar_real_graders.RealCalendarGraders.test_terminal_arxiv_canvas_gsheet_word_gcal__allowed_minute__America_New_York)
----------------------------------------------------------------------
Traceback (most recent call last):
  File "/private/tmp/cowork-upstream-timezone/tests/regression/test_calendar_real_graders.py", line 180, in test
    self.run_variant(case, variant, session_zone)
  File "/private/tmp/cowork-upstream-timezone/tests/regression/test_calendar_real_graders.py", line 150, in run_variant
    self.assertEqual(all(selected.values()), expected, selected)
AssertionError: False != True : {"'Curriculum Review Meeting' event exists": True, 'Review meeting has description': True, 'Review meeting scheduled ~+14d at 10:00': False, "'Faculty Workshop on New Topics' event exists": True, 'Workshop has description': True, 'Workshop scheduled ~+21d at 13:00': False, 'CRITICAL: Both gcal events exist with correct +14d/10:00 and +21d/13:00 scheduling': False}

======================================================================
FAIL: test_terminal_arxiv_canvas_gsheet_word_gcal__allowed_minute__Europe_Moscow (test_calendar_real_graders.RealCalendarGraders.test_terminal_arxiv_canvas_gsheet_word_gcal__allowed_minute__Europe_Moscow)
----------------------------------------------------------------------
Traceback (most recent call last):
  File "/private/tmp/cowork-upstream-timezone/tests/regression/test_calendar_real_graders.py", line 180, in test
    self.run_variant(case, variant, session_zone)
  File "/private/tmp/cowork-upstream-timezone/tests/regression/test_calendar_real_graders.py", line 150, in run_variant
    self.assertEqual(all(selected.values()), expected, selected)
AssertionError: False != True : {"'Curriculum Review Meeting' event exists": True, 'Review meeting has description': True, 'Review meeting scheduled ~+14d at 10:00': False, "'Faculty Workshop on New Topics' event exists": True, 'Workshop has description': True, 'Workshop scheduled ~+21d at 13:00': False, 'CRITICAL: Both gcal events exist with correct +14d/10:00 and +21d/13:00 scheduling': False}

======================================================================
FAIL: test_terminal_arxiv_canvas_gsheet_word_gcal__dst_autumn__America_New_York (test_calendar_real_graders.RealCalendarGraders.test_terminal_arxiv_canvas_gsheet_word_gcal__dst_autumn__America_New_York)
----------------------------------------------------------------------
Traceback (most recent call last):
  File "/private/tmp/cowork-upstream-timezone/tests/regression/test_calendar_real_graders.py", line 180, in test
    self.run_variant(case, variant, session_zone)
  File "/private/tmp/cowork-upstream-timezone/tests/regression/test_calendar_real_graders.py", line 150, in run_variant
    self.assertEqual(all(selected.values()), expected, selected)
AssertionError: False != True : {"'Curriculum Review Meeting' event exists": True, 'Review meeting has description': True, 'Review meeting scheduled ~+14d at 10:00': False, "'Faculty Workshop on New Topics' event exists": True, 'Workshop has description': True, 'Workshop scheduled ~+21d at 13:00': False, 'CRITICAL: Both gcal events exist with correct +14d/10:00 and +21d/13:00 scheduling': False}

======================================================================
FAIL: test_terminal_arxiv_canvas_gsheet_word_gcal__dst_autumn__Europe_Moscow (test_calendar_real_graders.RealCalendarGraders.test_terminal_arxiv_canvas_gsheet_word_gcal__dst_autumn__Europe_Moscow)
----------------------------------------------------------------------
Traceback (most recent call last):
  File "/private/tmp/cowork-upstream-timezone/tests/regression/test_calendar_real_graders.py", line 180, in test
    self.run_variant(case, variant, session_zone)
  File "/private/tmp/cowork-upstream-timezone/tests/regression/test_calendar_real_graders.py", line 150, in run_variant
    self.assertEqual(all(selected.values()), expected, selected)
AssertionError: False != True : {"'Curriculum Review Meeting' event exists": True, 'Review meeting has description': True, 'Review meeting scheduled ~+14d at 10:00': False, "'Faculty Workshop on New Topics' event exists": True, 'Workshop has description': True, 'Workshop scheduled ~+21d at 13:00': False, 'CRITICAL: Both gcal events exist with correct +14d/10:00 and +21d/13:00 scheduling': False}

======================================================================
FAIL: test_terminal_arxiv_canvas_gsheet_word_gcal__dst_autumn_wrong__Europe_Moscow (test_calendar_real_graders.RealCalendarGraders.test_terminal_arxiv_canvas_gsheet_word_gcal__dst_autumn_wrong__Europe_Moscow)
----------------------------------------------------------------------
Traceback (most recent call last):
  File "/private/tmp/cowork-upstream-timezone/tests/regression/test_calendar_real_graders.py", line 180, in test
    self.run_variant(case, variant, session_zone)
  File "/private/tmp/cowork-upstream-timezone/tests/regression/test_calendar_real_graders.py", line 150, in run_variant
    self.assertEqual(all(selected.values()), expected, selected)
AssertionError: True != False : {"'Curriculum Review Meeting' event exists": True, 'Review meeting has description': True, 'Review meeting scheduled ~+14d at 10:00': True, "'Faculty Workshop on New Topics' event exists": True, 'Workshop has description': True, 'Workshop scheduled ~+21d at 13:00': True, 'CRITICAL: Both gcal events exist with correct +14d/10:00 and +21d/13:00 scheduling': True}

======================================================================
FAIL: test_terminal_arxiv_canvas_gsheet_word_gcal__equivalent_east__America_New_York (test_calendar_real_graders.RealCalendarGraders.test_terminal_arxiv_canvas_gsheet_word_gcal__equivalent_east__America_New_York)
----------------------------------------------------------------------
Traceback (most recent call last):
  File "/private/tmp/cowork-upstream-timezone/tests/regression/test_calendar_real_graders.py", line 180, in test
    self.run_variant(case, variant, session_zone)
  File "/private/tmp/cowork-upstream-timezone/tests/regression/test_calendar_real_graders.py", line 150, in run_variant
    self.assertEqual(all(selected.values()), expected, selected)
AssertionError: False != True : {"'Curriculum Review Meeting' event exists": True, 'Review meeting has description': True, 'Review meeting scheduled ~+14d at 10:00': False, "'Faculty Workshop on New Topics' event exists": True, 'Workshop has description': True, 'Workshop scheduled ~+21d at 13:00': False, 'CRITICAL: Both gcal events exist with correct +14d/10:00 and +21d/13:00 scheduling': False}

======================================================================
FAIL: test_terminal_arxiv_canvas_gsheet_word_gcal__equivalent_east__Europe_Moscow (test_calendar_real_graders.RealCalendarGraders.test_terminal_arxiv_canvas_gsheet_word_gcal__equivalent_east__Europe_Moscow)
----------------------------------------------------------------------
Traceback (most recent call last):
  File "/private/tmp/cowork-upstream-timezone/tests/regression/test_calendar_real_graders.py", line 180, in test
    self.run_variant(case, variant, session_zone)
  File "/private/tmp/cowork-upstream-timezone/tests/regression/test_calendar_real_graders.py", line 150, in run_variant
    self.assertEqual(all(selected.values()), expected, selected)
AssertionError: False != True : {"'Curriculum Review Meeting' event exists": True, 'Review meeting has description': True, 'Review meeting scheduled ~+14d at 10:00': False, "'Faculty Workshop on New Topics' event exists": True, 'Workshop has description': True, 'Workshop scheduled ~+21d at 13:00': False, 'CRITICAL: Both gcal events exist with correct +14d/10:00 and +21d/13:00 scheduling': False}

======================================================================
FAIL: test_terminal_arxiv_canvas_gsheet_word_gcal__equivalent_moscow__America_New_York (test_calendar_real_graders.RealCalendarGraders.test_terminal_arxiv_canvas_gsheet_word_gcal__equivalent_moscow__America_New_York)
----------------------------------------------------------------------
Traceback (most recent call last):
  File "/private/tmp/cowork-upstream-timezone/tests/regression/test_calendar_real_graders.py", line 180, in test
    self.run_variant(case, variant, session_zone)
  File "/private/tmp/cowork-upstream-timezone/tests/regression/test_calendar_real_graders.py", line 150, in run_variant
    self.assertEqual(all(selected.values()), expected, selected)
AssertionError: False != True : {"'Curriculum Review Meeting' event exists": True, 'Review meeting has description': True, 'Review meeting scheduled ~+14d at 10:00': False, "'Faculty Workshop on New Topics' event exists": True, 'Workshop has description': True, 'Workshop scheduled ~+21d at 13:00': False, 'CRITICAL: Both gcal events exist with correct +14d/10:00 and +21d/13:00 scheduling': False}

======================================================================
FAIL: test_terminal_arxiv_canvas_gsheet_word_gcal__equivalent_moscow__Europe_Moscow (test_calendar_real_graders.RealCalendarGraders.test_terminal_arxiv_canvas_gsheet_word_gcal__equivalent_moscow__Europe_Moscow)
----------------------------------------------------------------------
Traceback (most recent call last):
  File "/private/tmp/cowork-upstream-timezone/tests/regression/test_calendar_real_graders.py", line 180, in test
    self.run_variant(case, variant, session_zone)
  File "/private/tmp/cowork-upstream-timezone/tests/regression/test_calendar_real_graders.py", line 150, in run_variant
    self.assertEqual(all(selected.values()), expected, selected)
AssertionError: False != True : {"'Curriculum Review Meeting' event exists": True, 'Review meeting has description': True, 'Review meeting scheduled ~+14d at 10:00': False, "'Faculty Workshop on New Topics' event exists": True, 'Workshop has description': True, 'Workshop scheduled ~+21d at 13:00': False, 'CRITICAL: Both gcal events exist with correct +14d/10:00 and +21d/13:00 scheduling': False}

======================================================================
FAIL: test_terminal_arxiv_canvas_gsheet_word_gcal__equivalent_west__America_New_York (test_calendar_real_graders.RealCalendarGraders.test_terminal_arxiv_canvas_gsheet_word_gcal__equivalent_west__America_New_York)
----------------------------------------------------------------------
Traceback (most recent call last):
  File "/private/tmp/cowork-upstream-timezone/tests/regression/test_calendar_real_graders.py", line 180, in test
    self.run_variant(case, variant, session_zone)
  File "/private/tmp/cowork-upstream-timezone/tests/regression/test_calendar_real_graders.py", line 150, in run_variant
    self.assertEqual(all(selected.values()), expected, selected)
AssertionError: False != True : {"'Curriculum Review Meeting' event exists": True, 'Review meeting has description': True, 'Review meeting scheduled ~+14d at 10:00': False, "'Faculty Workshop on New Topics' event exists": True, 'Workshop has description': True, 'Workshop scheduled ~+21d at 13:00': False, 'CRITICAL: Both gcal events exist with correct +14d/10:00 and +21d/13:00 scheduling': False}

======================================================================
FAIL: test_terminal_arxiv_canvas_gsheet_word_gcal__equivalent_west__Europe_Moscow (test_calendar_real_graders.RealCalendarGraders.test_terminal_arxiv_canvas_gsheet_word_gcal__equivalent_west__Europe_Moscow)
----------------------------------------------------------------------
Traceback (most recent call last):
  File "/private/tmp/cowork-upstream-timezone/tests/regression/test_calendar_real_graders.py", line 180, in test
    self.run_variant(case, variant, session_zone)
  File "/private/tmp/cowork-upstream-timezone/tests/regression/test_calendar_real_graders.py", line 150, in run_variant
    self.assertEqual(all(selected.values()), expected, selected)
AssertionError: False != True : {"'Curriculum Review Meeting' event exists": True, 'Review meeting has description': True, 'Review meeting scheduled ~+14d at 10:00': False, "'Faculty Workshop on New Topics' event exists": True, 'Workshop has description': True, 'Workshop scheduled ~+21d at 13:00': False, 'CRITICAL: Both gcal events exist with correct +14d/10:00 and +21d/13:00 scheduling': False}

======================================================================
FAIL: test_terminal_arxiv_canvas_gsheet_word_gcal__same_clock_moscow__Europe_Moscow (test_calendar_real_graders.RealCalendarGraders.test_terminal_arxiv_canvas_gsheet_word_gcal__same_clock_moscow__Europe_Moscow)
----------------------------------------------------------------------
Traceback (most recent call last):
  File "/private/tmp/cowork-upstream-timezone/tests/regression/test_calendar_real_graders.py", line 180, in test
    self.run_variant(case, variant, session_zone)
  File "/private/tmp/cowork-upstream-timezone/tests/regression/test_calendar_real_graders.py", line 150, in run_variant
    self.assertEqual(all(selected.values()), expected, selected)
AssertionError: True != False : {"'Curriculum Review Meeting' event exists": True, 'Review meeting has description': True, 'Review meeting scheduled ~+14d at 10:00': True, "'Faculty Workshop on New Topics' event exists": True, 'Workshop has description': True, 'Workshop scheduled ~+21d at 13:00': True, 'CRITICAL: Both gcal events exist with correct +14d/10:00 and +21d/13:00 scheduling': True}

======================================================================
FAIL: test_terminal_arxiv_canvas_gsheet_word_gcal__utc__America_New_York (test_calendar_real_graders.RealCalendarGraders.test_terminal_arxiv_canvas_gsheet_word_gcal__utc__America_New_York)
----------------------------------------------------------------------
Traceback (most recent call last):
  File "/private/tmp/cowork-upstream-timezone/tests/regression/test_calendar_real_graders.py", line 180, in test
    self.run_variant(case, variant, session_zone)
  File "/private/tmp/cowork-upstream-timezone/tests/regression/test_calendar_real_graders.py", line 150, in run_variant
    self.assertEqual(all(selected.values()), expected, selected)
AssertionError: False != True : {"'Curriculum Review Meeting' event exists": True, 'Review meeting has description': True, 'Review meeting scheduled ~+14d at 10:00': False, "'Faculty Workshop on New Topics' event exists": True, 'Workshop has description': True, 'Workshop scheduled ~+21d at 13:00': False, 'CRITICAL: Both gcal events exist with correct +14d/10:00 and +21d/13:00 scheduling': False}

======================================================================
FAIL: test_terminal_arxiv_canvas_gsheet_word_gcal__utc__Europe_Moscow (test_calendar_real_graders.RealCalendarGraders.test_terminal_arxiv_canvas_gsheet_word_gcal__utc__Europe_Moscow)
----------------------------------------------------------------------
Traceback (most recent call last):
  File "/private/tmp/cowork-upstream-timezone/tests/regression/test_calendar_real_graders.py", line 180, in test
    self.run_variant(case, variant, session_zone)
  File "/private/tmp/cowork-upstream-timezone/tests/regression/test_calendar_real_graders.py", line 150, in run_variant
    self.assertEqual(all(selected.values()), expected, selected)
AssertionError: False != True : {"'Curriculum Review Meeting' event exists": True, 'Review meeting has description': True, 'Review meeting scheduled ~+14d at 10:00': False, "'Faculty Workshop on New Topics' event exists": True, 'Workshop has description': True, 'Workshop scheduled ~+21d at 13:00': False, 'CRITICAL: Both gcal events exist with correct +14d/10:00 and +21d/13:00 scheduling': False}

======================================================================
FAIL: test_terminal_arxiv_canvas_gsheet_word_gcal__wrong_hour__America_New_York (test_calendar_real_graders.RealCalendarGraders.test_terminal_arxiv_canvas_gsheet_word_gcal__wrong_hour__America_New_York)
----------------------------------------------------------------------
Traceback (most recent call last):
  File "/private/tmp/cowork-upstream-timezone/tests/regression/test_calendar_real_graders.py", line 180, in test
    self.run_variant(case, variant, session_zone)
  File "/private/tmp/cowork-upstream-timezone/tests/regression/test_calendar_real_graders.py", line 150, in run_variant
    self.assertEqual(all(selected.values()), expected, selected)
AssertionError: True != False : {"'Curriculum Review Meeting' event exists": True, 'Review meeting has description': True, 'Review meeting scheduled ~+14d at 10:00': True, "'Faculty Workshop on New Topics' event exists": True, 'Workshop has description': True, 'Workshop scheduled ~+21d at 13:00': True, 'CRITICAL: Both gcal events exist with correct +14d/10:00 and +21d/13:00 scheduling': True}

======================================================================
FAIL: test_terminal_insales_pw_pricing_excel_word_gcal__equivalent_east__America_New_York (test_calendar_real_graders.RealCalendarGraders.test_terminal_insales_pw_pricing_excel_word_gcal__equivalent_east__America_New_York)
----------------------------------------------------------------------
Traceback (most recent call last):
  File "/private/tmp/cowork-upstream-timezone/tests/regression/test_calendar_real_graders.py", line 180, in test
    self.run_variant(case, variant, session_zone)
  File "/private/tmp/cowork-upstream-timezone/tests/regression/test_calendar_real_graders.py", line 150, in run_variant
    self.assertEqual(all(selected.values()), expected, selected)
AssertionError: False != True : {'[CRIT] one price-review event per RU category (5)': True, '[CRIT] аудио meeting 1h @14:00 on/after 2026-03-10': False, '[CRIT] аудио meeting description mentions its gap %': True, '[CRIT] камеры meeting 1h @14:00 on/after 2026-03-10': False, '[CRIT] камеры meeting description mentions its gap %': True, '[CRIT] электроника meeting 1h @14:00 on/after 2026-03-10': False, '[CRIT] электроника meeting description mentions its gap %': True, '[CRIT] наушники meeting 1h @14:00 on/after 2026-03-10': False, '[CRIT] наушники meeting description mentions its gap %': True, '[CRIT] колонки meeting 1h @14:00 on/after 2026-03-10': False, '[CRIT] колонки meeting description mentions its gap %': True, '[CRIT] price-review meetings on 5 distinct days': True}

======================================================================
FAIL: test_terminal_insales_pw_pricing_excel_word_gcal__equivalent_east__Europe_Moscow (test_calendar_real_graders.RealCalendarGraders.test_terminal_insales_pw_pricing_excel_word_gcal__equivalent_east__Europe_Moscow)
----------------------------------------------------------------------
Traceback (most recent call last):
  File "/private/tmp/cowork-upstream-timezone/tests/regression/test_calendar_real_graders.py", line 180, in test
    self.run_variant(case, variant, session_zone)
  File "/private/tmp/cowork-upstream-timezone/tests/regression/test_calendar_real_graders.py", line 150, in run_variant
    self.assertEqual(all(selected.values()), expected, selected)
AssertionError: False != True : {'[CRIT] one price-review event per RU category (5)': True, '[CRIT] аудио meeting 1h @14:00 on/after 2026-03-10': False, '[CRIT] аудио meeting description mentions its gap %': True, '[CRIT] камеры meeting 1h @14:00 on/after 2026-03-10': False, '[CRIT] камеры meeting description mentions its gap %': True, '[CRIT] электроника meeting 1h @14:00 on/after 2026-03-10': False, '[CRIT] электроника meeting description mentions its gap %': True, '[CRIT] наушники meeting 1h @14:00 on/after 2026-03-10': False, '[CRIT] наушники meeting description mentions its gap %': True, '[CRIT] колонки meeting 1h @14:00 on/after 2026-03-10': False, '[CRIT] колонки meeting description mentions its gap %': True, '[CRIT] price-review meetings on 5 distinct days': True}

======================================================================
FAIL: test_terminal_insales_pw_pricing_excel_word_gcal__equivalent_moscow__America_New_York (test_calendar_real_graders.RealCalendarGraders.test_terminal_insales_pw_pricing_excel_word_gcal__equivalent_moscow__America_New_York)
----------------------------------------------------------------------
Traceback (most recent call last):
  File "/private/tmp/cowork-upstream-timezone/tests/regression/test_calendar_real_graders.py", line 180, in test
    self.run_variant(case, variant, session_zone)
  File "/private/tmp/cowork-upstream-timezone/tests/regression/test_calendar_real_graders.py", line 150, in run_variant
    self.assertEqual(all(selected.values()), expected, selected)
AssertionError: False != True : {'[CRIT] one price-review event per RU category (5)': True, '[CRIT] аудио meeting 1h @14:00 on/after 2026-03-10': False, '[CRIT] аудио meeting description mentions its gap %': True, '[CRIT] камеры meeting 1h @14:00 on/after 2026-03-10': False, '[CRIT] камеры meeting description mentions its gap %': True, '[CRIT] электроника meeting 1h @14:00 on/after 2026-03-10': False, '[CRIT] электроника meeting description mentions its gap %': True, '[CRIT] наушники meeting 1h @14:00 on/after 2026-03-10': False, '[CRIT] наушники meeting description mentions its gap %': True, '[CRIT] колонки meeting 1h @14:00 on/after 2026-03-10': False, '[CRIT] колонки meeting description mentions its gap %': True, '[CRIT] price-review meetings on 5 distinct days': True}

======================================================================
FAIL: test_terminal_insales_pw_pricing_excel_word_gcal__equivalent_moscow__Europe_Moscow (test_calendar_real_graders.RealCalendarGraders.test_terminal_insales_pw_pricing_excel_word_gcal__equivalent_moscow__Europe_Moscow)
----------------------------------------------------------------------
Traceback (most recent call last):
  File "/private/tmp/cowork-upstream-timezone/tests/regression/test_calendar_real_graders.py", line 180, in test
    self.run_variant(case, variant, session_zone)
  File "/private/tmp/cowork-upstream-timezone/tests/regression/test_calendar_real_graders.py", line 150, in run_variant
    self.assertEqual(all(selected.values()), expected, selected)
AssertionError: False != True : {'[CRIT] one price-review event per RU category (5)': True, '[CRIT] аудио meeting 1h @14:00 on/after 2026-03-10': False, '[CRIT] аудио meeting description mentions its gap %': True, '[CRIT] камеры meeting 1h @14:00 on/after 2026-03-10': False, '[CRIT] камеры meeting description mentions its gap %': True, '[CRIT] электроника meeting 1h @14:00 on/after 2026-03-10': False, '[CRIT] электроника meeting description mentions its gap %': True, '[CRIT] наушники meeting 1h @14:00 on/after 2026-03-10': False, '[CRIT] наушники meeting description mentions its gap %': True, '[CRIT] колонки meeting 1h @14:00 on/after 2026-03-10': False, '[CRIT] колонки meeting description mentions its gap %': True, '[CRIT] price-review meetings on 5 distinct days': True}

======================================================================
FAIL: test_terminal_insales_pw_pricing_excel_word_gcal__equivalent_west__America_New_York (test_calendar_real_graders.RealCalendarGraders.test_terminal_insales_pw_pricing_excel_word_gcal__equivalent_west__America_New_York)
----------------------------------------------------------------------
Traceback (most recent call last):
  File "/private/tmp/cowork-upstream-timezone/tests/regression/test_calendar_real_graders.py", line 180, in test
    self.run_variant(case, variant, session_zone)
  File "/private/tmp/cowork-upstream-timezone/tests/regression/test_calendar_real_graders.py", line 150, in run_variant
    self.assertEqual(all(selected.values()), expected, selected)
AssertionError: False != True : {'[CRIT] one price-review event per RU category (5)': True, '[CRIT] аудио meeting 1h @14:00 on/after 2026-03-10': False, '[CRIT] аудио meeting description mentions its gap %': True, '[CRIT] камеры meeting 1h @14:00 on/after 2026-03-10': False, '[CRIT] камеры meeting description mentions its gap %': True, '[CRIT] электроника meeting 1h @14:00 on/after 2026-03-10': False, '[CRIT] электроника meeting description mentions its gap %': True, '[CRIT] наушники meeting 1h @14:00 on/after 2026-03-10': False, '[CRIT] наушники meeting description mentions its gap %': True, '[CRIT] колонки meeting 1h @14:00 on/after 2026-03-10': False, '[CRIT] колонки meeting description mentions its gap %': True, '[CRIT] price-review meetings on 5 distinct days': True}

======================================================================
FAIL: test_terminal_insales_pw_pricing_excel_word_gcal__equivalent_west__Europe_Moscow (test_calendar_real_graders.RealCalendarGraders.test_terminal_insales_pw_pricing_excel_word_gcal__equivalent_west__Europe_Moscow)
----------------------------------------------------------------------
Traceback (most recent call last):
  File "/private/tmp/cowork-upstream-timezone/tests/regression/test_calendar_real_graders.py", line 180, in test
    self.run_variant(case, variant, session_zone)
  File "/private/tmp/cowork-upstream-timezone/tests/regression/test_calendar_real_graders.py", line 150, in run_variant
    self.assertEqual(all(selected.values()), expected, selected)
AssertionError: False != True : {'[CRIT] one price-review event per RU category (5)': True, '[CRIT] аудио meeting 1h @14:00 on/after 2026-03-10': False, '[CRIT] аудио meeting description mentions its gap %': True, '[CRIT] камеры meeting 1h @14:00 on/after 2026-03-10': False, '[CRIT] камеры meeting description mentions its gap %': True, '[CRIT] электроника meeting 1h @14:00 on/after 2026-03-10': False, '[CRIT] электроника meeting description mentions its gap %': True, '[CRIT] наушники meeting 1h @14:00 on/after 2026-03-10': False, '[CRIT] наушники meeting description mentions its gap %': True, '[CRIT] колонки meeting 1h @14:00 on/after 2026-03-10': False, '[CRIT] колонки meeting description mentions its gap %': True, '[CRIT] price-review meetings on 5 distinct days': True}

======================================================================
FAIL: test_terminal_insales_pw_pricing_excel_word_gcal__reverse_midnight__America_New_York (test_calendar_real_graders.RealCalendarGraders.test_terminal_insales_pw_pricing_excel_word_gcal__reverse_midnight__America_New_York)
----------------------------------------------------------------------
Traceback (most recent call last):
  File "/private/tmp/cowork-upstream-timezone/tests/regression/test_calendar_real_graders.py", line 180, in test
    self.run_variant(case, variant, session_zone)
  File "/private/tmp/cowork-upstream-timezone/tests/regression/test_calendar_real_graders.py", line 150, in run_variant
    self.assertEqual(all(selected.values()), expected, selected)
AssertionError: False != True : {'No price review events before March 10': False}

======================================================================
FAIL: test_terminal_insales_pw_pricing_excel_word_gcal__same_clock_moscow__Europe_Moscow (test_calendar_real_graders.RealCalendarGraders.test_terminal_insales_pw_pricing_excel_word_gcal__same_clock_moscow__Europe_Moscow)
----------------------------------------------------------------------
Traceback (most recent call last):
  File "/private/tmp/cowork-upstream-timezone/tests/regression/test_calendar_real_graders.py", line 180, in test
    self.run_variant(case, variant, session_zone)
  File "/private/tmp/cowork-upstream-timezone/tests/regression/test_calendar_real_graders.py", line 150, in run_variant
    self.assertEqual(all(selected.values()), expected, selected)
AssertionError: True != False : {'[CRIT] one price-review event per RU category (5)': True, '[CRIT] аудио meeting 1h @14:00 on/after 2026-03-10': True, '[CRIT] аудио meeting description mentions its gap %': True, '[CRIT] камеры meeting 1h @14:00 on/after 2026-03-10': True, '[CRIT] камеры meeting description mentions its gap %': True, '[CRIT] электроника meeting 1h @14:00 on/after 2026-03-10': True, '[CRIT] электроника meeting description mentions its gap %': True, '[CRIT] наушники meeting 1h @14:00 on/after 2026-03-10': True, '[CRIT] наушники meeting description mentions its gap %': True, '[CRIT] колонки meeting 1h @14:00 on/after 2026-03-10': True, '[CRIT] колонки meeting description mentions its gap %': True, '[CRIT] price-review meetings on 5 distinct days': True}

======================================================================
FAIL: test_terminal_insales_pw_pricing_excel_word_gcal__utc__America_New_York (test_calendar_real_graders.RealCalendarGraders.test_terminal_insales_pw_pricing_excel_word_gcal__utc__America_New_York)
----------------------------------------------------------------------
Traceback (most recent call last):
  File "/private/tmp/cowork-upstream-timezone/tests/regression/test_calendar_real_graders.py", line 180, in test
    self.run_variant(case, variant, session_zone)
  File "/private/tmp/cowork-upstream-timezone/tests/regression/test_calendar_real_graders.py", line 150, in run_variant
    self.assertEqual(all(selected.values()), expected, selected)
AssertionError: False != True : {'[CRIT] one price-review event per RU category (5)': True, '[CRIT] аудио meeting 1h @14:00 on/after 2026-03-10': False, '[CRIT] аудио meeting description mentions its gap %': True, '[CRIT] камеры meeting 1h @14:00 on/after 2026-03-10': False, '[CRIT] камеры meeting description mentions its gap %': True, '[CRIT] электроника meeting 1h @14:00 on/after 2026-03-10': False, '[CRIT] электроника meeting description mentions its gap %': True, '[CRIT] наушники meeting 1h @14:00 on/after 2026-03-10': False, '[CRIT] наушники meeting description mentions its gap %': True, '[CRIT] колонки meeting 1h @14:00 on/after 2026-03-10': False, '[CRIT] колонки meeting description mentions its gap %': True, '[CRIT] price-review meetings on 5 distinct days': True}

======================================================================
FAIL: test_terminal_insales_pw_pricing_excel_word_gcal__utc__Europe_Moscow (test_calendar_real_graders.RealCalendarGraders.test_terminal_insales_pw_pricing_excel_word_gcal__utc__Europe_Moscow)
----------------------------------------------------------------------
Traceback (most recent call last):
  File "/private/tmp/cowork-upstream-timezone/tests/regression/test_calendar_real_graders.py", line 180, in test
    self.run_variant(case, variant, session_zone)
  File "/private/tmp/cowork-upstream-timezone/tests/regression/test_calendar_real_graders.py", line 150, in run_variant
    self.assertEqual(all(selected.values()), expected, selected)
AssertionError: False != True : {'[CRIT] one price-review event per RU category (5)': True, '[CRIT] аудио meeting 1h @14:00 on/after 2026-03-10': False, '[CRIT] аудио meeting description mentions its gap %': True, '[CRIT] камеры meeting 1h @14:00 on/after 2026-03-10': False, '[CRIT] камеры meeting description mentions its gap %': True, '[CRIT] электроника meeting 1h @14:00 on/after 2026-03-10': False, '[CRIT] электроника meeting description mentions its gap %': True, '[CRIT] наушники meeting 1h @14:00 on/after 2026-03-10': False, '[CRIT] наушники meeting description mentions its gap %': True, '[CRIT] колонки meeting 1h @14:00 on/after 2026-03-10': False, '[CRIT] колонки meeting description mentions its gap %': True, '[CRIT] price-review meetings on 5 distinct days': True}

======================================================================
FAIL: test_terminal_moex_canvas_excel_gcal_email__clear_offset__America_New_York (test_calendar_real_graders.RealCalendarGraders.test_terminal_moex_canvas_excel_gcal_email__clear_offset__America_New_York)
----------------------------------------------------------------------
Traceback (most recent call last):
  File "/private/tmp/cowork-upstream-timezone/tests/regression/test_calendar_real_graders.py", line 180, in test
    self.run_variant(case, variant, session_zone)
  File "/private/tmp/cowork-upstream-timezone/tests/regression/test_calendar_real_graders.py", line 150, in run_variant
    self.assertEqual(all(selected.values()), expected, selected)
AssertionError: False != True : {'3 workshop calendar events created': True, 'Exactly 3 workshop events': True, 'Calendar has Intro to Markets': True, 'Calendar has Portfolio Basics': True, 'Calendar has Risk Management': True, 'Each workshop at 14:00 for 90 min on a weekday': False, 'Workshops on distinct days': True, 'No workshop overlaps injected 13-16h conflicts': True}

======================================================================
FAIL: test_terminal_moex_canvas_excel_gcal_email__clear_offset__Europe_Moscow (test_calendar_real_graders.RealCalendarGraders.test_terminal_moex_canvas_excel_gcal_email__clear_offset__Europe_Moscow)
----------------------------------------------------------------------
Traceback (most recent call last):
  File "/private/tmp/cowork-upstream-timezone/tests/regression/test_calendar_real_graders.py", line 180, in test
    self.run_variant(case, variant, session_zone)
  File "/private/tmp/cowork-upstream-timezone/tests/regression/test_calendar_real_graders.py", line 150, in run_variant
    self.assertEqual(all(selected.values()), expected, selected)
AssertionError: False != True : {'3 workshop calendar events created': True, 'Exactly 3 workshop events': True, 'Calendar has Intro to Markets': True, 'Calendar has Portfolio Basics': True, 'Calendar has Risk Management': True, 'Each workshop at 14:00 for 90 min on a weekday': False, 'Workshops on distinct days': True, 'No workshop overlaps injected 13-16h conflicts': True}

======================================================================
FAIL: test_terminal_moex_canvas_excel_gcal_email__equivalent_east__America_New_York (test_calendar_real_graders.RealCalendarGraders.test_terminal_moex_canvas_excel_gcal_email__equivalent_east__America_New_York)
----------------------------------------------------------------------
Traceback (most recent call last):
  File "/private/tmp/cowork-upstream-timezone/tests/regression/test_calendar_real_graders.py", line 180, in test
    self.run_variant(case, variant, session_zone)
  File "/private/tmp/cowork-upstream-timezone/tests/regression/test_calendar_real_graders.py", line 150, in run_variant
    self.assertEqual(all(selected.values()), expected, selected)
AssertionError: False != True : {'3 workshop calendar events created': True, 'Exactly 3 workshop events': True, 'Calendar has Intro to Markets': True, 'Calendar has Portfolio Basics': True, 'Calendar has Risk Management': True, 'Each workshop at 14:00 for 90 min on a weekday': False, 'Workshops on distinct days': True, 'No workshop overlaps injected 13-16h conflicts': True}

======================================================================
FAIL: test_terminal_moex_canvas_excel_gcal_email__equivalent_east__Europe_Moscow (test_calendar_real_graders.RealCalendarGraders.test_terminal_moex_canvas_excel_gcal_email__equivalent_east__Europe_Moscow)
----------------------------------------------------------------------
Traceback (most recent call last):
  File "/private/tmp/cowork-upstream-timezone/tests/regression/test_calendar_real_graders.py", line 180, in test
    self.run_variant(case, variant, session_zone)
  File "/private/tmp/cowork-upstream-timezone/tests/regression/test_calendar_real_graders.py", line 150, in run_variant
    self.assertEqual(all(selected.values()), expected, selected)
AssertionError: False != True : {'3 workshop calendar events created': True, 'Exactly 3 workshop events': True, 'Calendar has Intro to Markets': True, 'Calendar has Portfolio Basics': True, 'Calendar has Risk Management': True, 'Each workshop at 14:00 for 90 min on a weekday': False, 'Workshops on distinct days': True, 'No workshop overlaps injected 13-16h conflicts': True}

======================================================================
FAIL: test_terminal_moex_canvas_excel_gcal_email__equivalent_moscow__America_New_York (test_calendar_real_graders.RealCalendarGraders.test_terminal_moex_canvas_excel_gcal_email__equivalent_moscow__America_New_York)
----------------------------------------------------------------------
Traceback (most recent call last):
  File "/private/tmp/cowork-upstream-timezone/tests/regression/test_calendar_real_graders.py", line 180, in test
    self.run_variant(case, variant, session_zone)
  File "/private/tmp/cowork-upstream-timezone/tests/regression/test_calendar_real_graders.py", line 150, in run_variant
    self.assertEqual(all(selected.values()), expected, selected)
AssertionError: False != True : {'3 workshop calendar events created': True, 'Exactly 3 workshop events': True, 'Calendar has Intro to Markets': True, 'Calendar has Portfolio Basics': True, 'Calendar has Risk Management': True, 'Each workshop at 14:00 for 90 min on a weekday': False, 'Workshops on distinct days': True, 'No workshop overlaps injected 13-16h conflicts': True}

======================================================================
FAIL: test_terminal_moex_canvas_excel_gcal_email__equivalent_moscow__Europe_Moscow (test_calendar_real_graders.RealCalendarGraders.test_terminal_moex_canvas_excel_gcal_email__equivalent_moscow__Europe_Moscow)
----------------------------------------------------------------------
Traceback (most recent call last):
  File "/private/tmp/cowork-upstream-timezone/tests/regression/test_calendar_real_graders.py", line 180, in test
    self.run_variant(case, variant, session_zone)
  File "/private/tmp/cowork-upstream-timezone/tests/regression/test_calendar_real_graders.py", line 150, in run_variant
    self.assertEqual(all(selected.values()), expected, selected)
AssertionError: False != True : {'3 workshop calendar events created': True, 'Exactly 3 workshop events': True, 'Calendar has Intro to Markets': True, 'Calendar has Portfolio Basics': True, 'Calendar has Risk Management': True, 'Each workshop at 14:00 for 90 min on a weekday': False, 'Workshops on distinct days': True, 'No workshop overlaps injected 13-16h conflicts': True}

======================================================================
FAIL: test_terminal_moex_canvas_excel_gcal_email__equivalent_west__America_New_York (test_calendar_real_graders.RealCalendarGraders.test_terminal_moex_canvas_excel_gcal_email__equivalent_west__America_New_York)
----------------------------------------------------------------------
Traceback (most recent call last):
  File "/private/tmp/cowork-upstream-timezone/tests/regression/test_calendar_real_graders.py", line 180, in test
    self.run_variant(case, variant, session_zone)
  File "/private/tmp/cowork-upstream-timezone/tests/regression/test_calendar_real_graders.py", line 150, in run_variant
    self.assertEqual(all(selected.values()), expected, selected)
AssertionError: False != True : {'3 workshop calendar events created': True, 'Exactly 3 workshop events': True, 'Calendar has Intro to Markets': True, 'Calendar has Portfolio Basics': True, 'Calendar has Risk Management': True, 'Each workshop at 14:00 for 90 min on a weekday': False, 'Workshops on distinct days': True, 'No workshop overlaps injected 13-16h conflicts': True}

======================================================================
FAIL: test_terminal_moex_canvas_excel_gcal_email__equivalent_west__Europe_Moscow (test_calendar_real_graders.RealCalendarGraders.test_terminal_moex_canvas_excel_gcal_email__equivalent_west__Europe_Moscow)
----------------------------------------------------------------------
Traceback (most recent call last):
  File "/private/tmp/cowork-upstream-timezone/tests/regression/test_calendar_real_graders.py", line 180, in test
    self.run_variant(case, variant, session_zone)
  File "/private/tmp/cowork-upstream-timezone/tests/regression/test_calendar_real_graders.py", line 150, in run_variant
    self.assertEqual(all(selected.values()), expected, selected)
AssertionError: False != True : {'3 workshop calendar events created': True, 'Exactly 3 workshop events': True, 'Calendar has Intro to Markets': True, 'Calendar has Portfolio Basics': True, 'Calendar has Risk Management': True, 'Each workshop at 14:00 for 90 min on a weekday': False, 'Workshops on distinct days': True, 'No workshop overlaps injected 13-16h conflicts': True}

======================================================================
FAIL: test_terminal_moex_canvas_excel_gcal_email__same_clock_moscow__Europe_Moscow (test_calendar_real_graders.RealCalendarGraders.test_terminal_moex_canvas_excel_gcal_email__same_clock_moscow__Europe_Moscow)
----------------------------------------------------------------------
Traceback (most recent call last):
  File "/private/tmp/cowork-upstream-timezone/tests/regression/test_calendar_real_graders.py", line 180, in test
    self.run_variant(case, variant, session_zone)
  File "/private/tmp/cowork-upstream-timezone/tests/regression/test_calendar_real_graders.py", line 150, in run_variant
    self.assertEqual(all(selected.values()), expected, selected)
AssertionError: True != False : {'3 workshop calendar events created': True, 'Exactly 3 workshop events': True, 'Calendar has Intro to Markets': True, 'Calendar has Portfolio Basics': True, 'Calendar has Risk Management': True, 'Each workshop at 14:00 for 90 min on a weekday': True, 'Workshops on distinct days': True, 'No workshop overlaps injected 13-16h conflicts': True}

======================================================================
FAIL: test_terminal_moex_canvas_excel_gcal_email__utc__America_New_York (test_calendar_real_graders.RealCalendarGraders.test_terminal_moex_canvas_excel_gcal_email__utc__America_New_York)
----------------------------------------------------------------------
Traceback (most recent call last):
  File "/private/tmp/cowork-upstream-timezone/tests/regression/test_calendar_real_graders.py", line 180, in test
    self.run_variant(case, variant, session_zone)
  File "/private/tmp/cowork-upstream-timezone/tests/regression/test_calendar_real_graders.py", line 150, in run_variant
    self.assertEqual(all(selected.values()), expected, selected)
AssertionError: False != True : {'3 workshop calendar events created': True, 'Exactly 3 workshop events': True, 'Calendar has Intro to Markets': True, 'Calendar has Portfolio Basics': True, 'Calendar has Risk Management': True, 'Each workshop at 14:00 for 90 min on a weekday': False, 'Workshops on distinct days': True, 'No workshop overlaps injected 13-16h conflicts': True}

======================================================================
FAIL: test_terminal_moex_canvas_excel_gcal_email__utc__Europe_Moscow (test_calendar_real_graders.RealCalendarGraders.test_terminal_moex_canvas_excel_gcal_email__utc__Europe_Moscow)
----------------------------------------------------------------------
Traceback (most recent call last):
  File "/private/tmp/cowork-upstream-timezone/tests/regression/test_calendar_real_graders.py", line 180, in test
    self.run_variant(case, variant, session_zone)
  File "/private/tmp/cowork-upstream-timezone/tests/regression/test_calendar_real_graders.py", line 150, in run_variant
    self.assertEqual(all(selected.values()), expected, selected)
AssertionError: False != True : {'3 workshop calendar events created': True, 'Exactly 3 workshop events': True, 'Calendar has Intro to Markets': True, 'Calendar has Portfolio Basics': True, 'Calendar has Risk Management': True, 'Each workshop at 14:00 for 90 min on a weekday': False, 'Workshops on distinct days': True, 'No workshop overlaps injected 13-16h conflicts': True}

======================================================================
FAIL: test_terminal_sf_scholarly_excel_ppt_gcal__clear_offset__America_New_York (test_calendar_real_graders.RealCalendarGraders.test_terminal_sf_scholarly_excel_ppt_gcal__clear_offset__America_New_York)
----------------------------------------------------------------------
Traceback (most recent call last):
  File "/private/tmp/cowork-upstream-timezone/tests/regression/test_calendar_real_graders.py", line 180, in test
    self.run_variant(case, variant, session_zone)
  File "/private/tmp/cowork-upstream-timezone/tests/regression/test_calendar_real_graders.py", line 150, in run_variant
    self.assertEqual(all(selected.values()), expected, selected)
AssertionError: False != True : {'Q1 Sales Strategy Review event exists': True, 'Event is 90 minutes': True, 'Event during business hours on a weekday': False, 'No calendar conflicts': True, 'Description mentions review or action': True}

======================================================================
FAIL: test_terminal_sf_scholarly_excel_ppt_gcal__equivalent_east__America_New_York (test_calendar_real_graders.RealCalendarGraders.test_terminal_sf_scholarly_excel_ppt_gcal__equivalent_east__America_New_York)
----------------------------------------------------------------------
Traceback (most recent call last):
  File "/private/tmp/cowork-upstream-timezone/tests/regression/test_calendar_real_graders.py", line 180, in test
    self.run_variant(case, variant, session_zone)
  File "/private/tmp/cowork-upstream-timezone/tests/regression/test_calendar_real_graders.py", line 150, in run_variant
    self.assertEqual(all(selected.values()), expected, selected)
AssertionError: False != True : {'Q1 Sales Strategy Review event exists': True, 'Event is 90 minutes': True, 'Event during business hours on a weekday': False, 'No calendar conflicts': True, 'Description mentions review or action': True}

======================================================================
FAIL: test_terminal_sf_scholarly_excel_ppt_gcal__equivalent_moscow__America_New_York (test_calendar_real_graders.RealCalendarGraders.test_terminal_sf_scholarly_excel_ppt_gcal__equivalent_moscow__America_New_York)
----------------------------------------------------------------------
Traceback (most recent call last):
  File "/private/tmp/cowork-upstream-timezone/tests/regression/test_calendar_real_graders.py", line 180, in test
    self.run_variant(case, variant, session_zone)
  File "/private/tmp/cowork-upstream-timezone/tests/regression/test_calendar_real_graders.py", line 150, in run_variant
    self.assertEqual(all(selected.values()), expected, selected)
AssertionError: False != True : {'Q1 Sales Strategy Review event exists': True, 'Event is 90 minutes': True, 'Event during business hours on a weekday': False, 'No calendar conflicts': True, 'Description mentions review or action': True}

======================================================================
FAIL: test_terminal_sf_scholarly_excel_ppt_gcal__equivalent_west__America_New_York (test_calendar_real_graders.RealCalendarGraders.test_terminal_sf_scholarly_excel_ppt_gcal__equivalent_west__America_New_York)
----------------------------------------------------------------------
Traceback (most recent call last):
  File "/private/tmp/cowork-upstream-timezone/tests/regression/test_calendar_real_graders.py", line 180, in test
    self.run_variant(case, variant, session_zone)
  File "/private/tmp/cowork-upstream-timezone/tests/regression/test_calendar_real_graders.py", line 150, in run_variant
    self.assertEqual(all(selected.values()), expected, selected)
AssertionError: False != True : {'Q1 Sales Strategy Review event exists': True, 'Event is 90 minutes': True, 'Event during business hours on a weekday': False, 'No calendar conflicts': True, 'Description mentions review or action': True}

======================================================================
FAIL: test_terminal_sf_scholarly_excel_ppt_gcal__reverse_midnight__America_New_York (test_calendar_real_graders.RealCalendarGraders.test_terminal_sf_scholarly_excel_ppt_gcal__reverse_midnight__America_New_York)
----------------------------------------------------------------------
Traceback (most recent call last):
  File "/private/tmp/cowork-upstream-timezone/tests/regression/test_calendar_real_graders.py", line 180, in test
    self.run_variant(case, variant, session_zone)
  File "/private/tmp/cowork-upstream-timezone/tests/regression/test_calendar_real_graders.py", line 150, in run_variant
    self.assertEqual(all(selected.values()), expected, selected)
AssertionError: False != True : {'No strategy review events on weekends': False}

======================================================================
FAIL: test_terminal_sf_scholarly_excel_ppt_gcal__same_clock_moscow__Europe_Moscow (test_calendar_real_graders.RealCalendarGraders.test_terminal_sf_scholarly_excel_ppt_gcal__same_clock_moscow__Europe_Moscow)
----------------------------------------------------------------------
Traceback (most recent call last):
  File "/private/tmp/cowork-upstream-timezone/tests/regression/test_calendar_real_graders.py", line 180, in test
    self.run_variant(case, variant, session_zone)
  File "/private/tmp/cowork-upstream-timezone/tests/regression/test_calendar_real_graders.py", line 150, in run_variant
    self.assertEqual(all(selected.values()), expected, selected)
AssertionError: True != False : {'Q1 Sales Strategy Review event exists': True, 'Event is 90 minutes': True, 'Event during business hours on a weekday': True, 'No calendar conflicts': True, 'Description mentions review or action': True}

======================================================================
FAIL: test_terminal_sf_scholarly_excel_ppt_gcal__utc__America_New_York (test_calendar_real_graders.RealCalendarGraders.test_terminal_sf_scholarly_excel_ppt_gcal__utc__America_New_York)
----------------------------------------------------------------------
Traceback (most recent call last):
  File "/private/tmp/cowork-upstream-timezone/tests/regression/test_calendar_real_graders.py", line 180, in test
    self.run_variant(case, variant, session_zone)
  File "/private/tmp/cowork-upstream-timezone/tests/regression/test_calendar_real_graders.py", line 150, in run_variant
    self.assertEqual(all(selected.values()), expected, selected)
AssertionError: False != True : {'Q1 Sales Strategy Review event exists': True, 'Event is 90 minutes': True, 'Event during business hours on a weekday': False, 'No calendar conflicts': True, 'Description mentions review or action': True}

======================================================================
FAIL: test_terminal_sf_scholarly_excel_ppt_gcal__wrong_hour__Europe_Moscow (test_calendar_real_graders.RealCalendarGraders.test_terminal_sf_scholarly_excel_ppt_gcal__wrong_hour__Europe_Moscow)
----------------------------------------------------------------------
Traceback (most recent call last):
  File "/private/tmp/cowork-upstream-timezone/tests/regression/test_calendar_real_graders.py", line 180, in test
    self.run_variant(case, variant, session_zone)
  File "/private/tmp/cowork-upstream-timezone/tests/regression/test_calendar_real_graders.py", line 150, in run_variant
    self.assertEqual(all(selected.values()), expected, selected)
AssertionError: True != False : {'Q1 Sales Strategy Review event exists': True, 'Event is 90 minutes': True, 'Event during business hours on a weekday': True, 'No calendar conflicts': True, 'Description mentions review or action': True}

----------------------------------------------------------------------
Ran 496 tests in 5.091s

FAILED (failures=198)
